{"minecraft:recipes/decorations/crafting_table":{"criteria":{"unlock_right_away":"2025-08-12 11:00:21 -0700"},"done":true},"minecraft:end/elytra":{"criteria":{"elytra":"2025-08-12 11:01:52 -0700"},"done":true},"minecraft:recipes/combat/turtle_helmet":{"criteria":{"has_turtle_scute":"2025-08-12 11:06:04 -0700"},"done":true},"minecraft:recipes/combat/bow":{"criteria":{"has_string":"2025-08-12 11:11:06 -0700"},"done":true},"minecraft:recipes/tools/fishing_rod":{"criteria":{"has_string":"2025-08-12 11:11:06 -0700"},"done":true},"minecraft:recipes/building_blocks/white_wool_from_string":{"criteria":{"has_string":"2025-08-12 11:11:06 -0700"},"done":true},"minecraft:recipes/redstone/tripwire_hook":{"criteria":{"has_string":"2025-08-12 11:11:06 -0700"},"done":true},"minecraft:recipes/combat/crossbow":{"criteria":{"has_string":"2025-08-12 11:11:06 -0700"},"done":true},"minecraft:recipes/decorations/candle":{"criteria":{"has_string":"2025-08-12 11:11:06 -0700"},"done":true},"minecraft:recipes/decorations/loom":{"criteria":{"has_string":"2025-08-12 11:11:06 -0700"},"done":true},"minecraft:recipes/tools/bundle":{"criteria":{"has_string":"2025-08-12 11:11:06 -0700"},"done":true},"minecraft:recipes/tools/lead":{"criteria":{"has_string":"2025-08-12 11:11:06 -0700"},"done":true},"minecraft:recipes/transportation/dark_oak_chest_boat":{"criteria":{"has_boat":"2025-08-12 11:13:11 -0700"},"done":true},"minecraft:recipes/transportation/bamboo_chest_raft":{"criteria":{"has_boat":"2025-08-12 11:13:11 -0700"},"done":true},"minecraft:recipes/transportation/spruce_chest_boat":{"criteria":{"has_boat":"2025-08-12 11:13:11 -0700"},"done":true},"minecraft:recipes/transportation/pale_oak_chest_boat":{"criteria":{"has_boat":"2025-08-12 11:13:11 -0700"},"done":true},"minecraft:recipes/transportation/jungle_chest_boat":{"criteria":{"has_boat":"2025-08-12 11:13:11 -0700"},"done":true},"minecraft:recipes/transportation/acacia_chest_boat":{"criteria":{"has_boat":"2025-08-12 11:13:11 -0700"},"done":true},"minecraft:recipes/transportation/mangrove_chest_boat":{"criteria":{"has_boat":"2025-08-12 11:13:11 -0700"},"done":true},"minecraft:recipes/transportation/oak_chest_boat":{"criteria":{"has_boat":"2025-08-12 11:13:11 -0700"},"done":true},"minecraft:recipes/transportation/cherry_chest_boat":{"criteria":{"has_boat":"2025-08-12 11:13:11 -0700"},"done":true},"minecraft:recipes/transportation/birch_chest_boat":{"criteria":{"has_boat":"2025-08-12 11:13:11 -0700"},"done":true},"minecraft:story/obtain_armor":{"criteria":{"iron_helmet":"2025-08-12 11:25:35 -0700"},"done":true},"minecraft:recipes/misc/iron_nugget_from_smelting":{"criteria":{"has_iron_helmet":"2025-08-12 11:25:35 -0700"},"done":true},"minecraft:recipes/misc/iron_nugget_from_blasting":{"criteria":{"has_iron_helmet":"2025-08-12 11:25:35 -0700"},"done":true},"minecraft:recipes/redstone/lever":{"criteria":{"has_cobblestone":"2025-08-13 10:19:21 -0700"},"done":true},"minecraft:recipes/combat/stone_sword":{"criteria":{"has_cobblestone":"2025-08-13 10:19:21 -0700"},"done":true},"minecraft:recipes/decorations/cobblestone_wall":{"criteria":{"has_cobblestone":"2025-08-13 10:19:21 -0700"},"done":true},"minecraft:recipes/tools/stone_pickaxe":{"criteria":{"has_cobblestone":"2025-08-13 10:19:21 -0700"},"done":true},"minecraft:recipes/tools/stone_axe":{"criteria":{"has_cobblestone":"2025-08-13 10:19:21 -0700"},"done":true},"minecraft:story/mine_stone":{"criteria":{"get_stone":"2025-08-13 10:19:21 -0700"},"done":true},"minecraft:recipes/decorations/furnace":{"criteria":{"has_cobblestone":"2025-08-13 10:19:21 -0700"},"done":true},"minecraft:recipes/building_blocks/cobblestone_slab":{"criteria":{"has_cobblestone":"2025-08-13 10:19:21 -0700"},"done":true},"minecraft:recipes/building_blocks/cobblestone_slab_from_cobblestone_stonecutting":{"criteria":{"has_cobblestone":"2025-08-13 10:19:21 -0700"},"done":true},"minecraft:recipes/building_blocks/stone":{"criteria":{"has_cobblestone":"2025-08-13 10:19:21 -0700"},"done":true},"minecraft:recipes/decorations/cobblestone_wall_from_cobblestone_stonecutting":{"criteria":{"has_cobblestone":"2025-08-13 10:19:21 -0700"},"done":true},"minecraft:recipes/building_blocks/cobblestone_stairs_from_cobblestone_stonecutting":{"criteria":{"has_cobblestone":"2025-08-13 10:19:21 -0700"},"done":true},"minecraft:recipes/building_blocks/cobblestone_stairs":{"criteria":{"has_cobblestone":"2025-08-13 10:19:21 -0700"},"done":true},"minecraft:recipes/tools/stone_hoe":{"criteria":{"has_cobblestone":"2025-08-13 10:19:21 -0700"},"done":true},"minecraft:recipes/tools/stone_shovel":{"criteria":{"has_cobblestone":"2025-08-13 10:19:21 -0700"},"done":true},"minecraft:recipes/decorations/chest":{"criteria":{"has_lots_of_items":"2025-08-13 10:25:13 -0700"},"done":true},"minecraft:recipes/transportation/mangrove_boat":{"criteria":{"in_water":"2025-08-13 10:52:23 -0700"},"done":true},"minecraft:recipes/transportation/acacia_boat":{"criteria":{"in_water":"2025-08-13 10:52:23 -0700"},"done":true},"minecraft:recipes/transportation/cherry_boat":{"criteria":{"in_water":"2025-08-13 10:52:23 -0700"},"done":true},"minecraft:recipes/transportation/pale_oak_boat":{"criteria":{"in_water":"2025-08-13 10:52:23 -0700"},"done":true},"minecraft:recipes/transportation/bamboo_raft":{"criteria":{"in_water":"2025-08-13 10:52:23 -0700"},"done":true},"minecraft:recipes/transportation/spruce_boat":{"criteria":{"in_water":"2025-08-13 10:52:23 -0700"},"done":true},"minecraft:recipes/transportation/birch_boat":{"criteria":{"in_water":"2025-08-13 10:52:23 -0700"},"done":true},"minecraft:recipes/transportation/oak_boat":{"criteria":{"in_water":"2025-08-13 10:52:23 -0700"},"done":true},"minecraft:recipes/transportation/jungle_boat":{"criteria":{"in_water":"2025-08-13 10:52:23 -0700"},"done":true},"minecraft:recipes/transportation/dark_oak_boat":{"criteria":{"in_water":"2025-08-13 10:52:23 -0700"},"done":true},"minecraft:recipes/redstone/redstone":{"criteria":{"has_redstone_block":"2025-08-13 10:52:39 -0700"},"done":true},"minecraft:recipes/redstone/redstone_torch":{"criteria":{"has_redstone":"2025-08-13 11:14:54 -0700"},"done":true},"minecraft:recipes/tools/clock":{"criteria":{"has_redstone":"2025-08-13 11:14:54 -0700"},"done":true},"minecraft:recipes/redstone/dropper":{"criteria":{"has_redstone":"2025-08-13 11:14:54 -0700"},"done":true},"minecraft:recipes/redstone/redstone_block":{"criteria":{"has_redstone":"2025-08-13 11:14:54 -0700"},"done":true},"minecraft:recipes/redstone/note_block":{"criteria":{"has_redstone":"2025-08-13 11:14:54 -0700"},"done":true},"minecraft:recipes/redstone/target":{"criteria":{"has_redstone":"2025-08-13 11:14:54 -0700"},"done":true},"minecraft:recipes/tools/compass":{"criteria":{"has_redstone":"2025-08-13 11:14:54 -0700"},"done":true},"minecraft:recipes/redstone/piston":{"criteria":{"has_redstone":"2025-08-13 11:14:54 -0700"},"done":true},"DataVersion":4440}