{"minecraft:recipes/decorations/crafting_table":{"criteria":{"unlock_right_away":"2025-08-07 15:02:43 -0700"},"done":true},"minecraft:recipes/building_blocks/stone_bricks":{"criteria":{"has_stone":"2025-08-07 15:21:45 -0700"},"done":true},"minecraft:recipes/building_blocks/stone_brick_slab_from_stone_stonecutting":{"criteria":{"has_stone":"2025-08-07 15:21:45 -0700"},"done":true},"minecraft:recipes/decorations/brown_banner":{"criteria":{"has_brown_wool":"2025-08-07 15:20:19 -0700"},"done":true},"minecraft:recipes/building_blocks/spruce_planks":{"criteria":{"has_logs":"2025-08-07 16:34:20 -0700"},"done":true},"minecraft:recipes/decorations/black_bed":{"criteria":{"has_black_wool":"2025-08-07 15:19:54 -0700"},"done":true},"minecraft:recipes/building_blocks/stone_brick_stairs_from_stone_stonecutting":{"criteria":{"has_stone":"2025-08-07 15:21:45 -0700"},"done":true},"minecraft:recipes/decorations/brown_bed":{"criteria":{"has_brown_wool":"2025-08-07 15:20:19 -0700"},"done":true},"minecraft:recipes/misc/gold_ingot_from_blasting_gold_ore":{"criteria":{"has_gold_ore":"2025-08-07 15:30:26 -0700"},"done":true},"minecraft:recipes/misc/book":{"criteria":{"has_paper":"2025-08-07 16:41:59 -0700"},"done":true},"minecraft:recipes/decorations/brown_carpet":{"criteria":{"has_brown_wool":"2025-08-07 15:20:19 -0700"},"done":true},"minecraft:recipes/food/honey_bottle":{"criteria":{"has_honey_block":"2025-08-07 15:34:25 -0700"},"done":true},"minecraft:recipes/misc/iron_ingot_from_smelting_iron_ore":{"criteria":{"has_iron_ore":"2025-08-07 15:29:12 -0700"},"done":true},"minecraft:recipes/misc/diamond":{"criteria":{"has_diamond_block":"2025-08-07 16:54:32 -0700"},"done":true},"minecraft:recipes/misc/netherite_upgrade_smithing_template":{"criteria":{"has_netherite_upgrade_smithing_template":"2025-08-07 16:40:52 -0700"},"done":true},"minecraft:recipes/building_blocks/stone_slab_from_stone_stonecutting":{"criteria":{"has_stone":"2025-08-07 15:21:45 -0700"},"done":true},"minecraft:recipes/misc/netherite_scrap_from_blasting":{"criteria":{"has_ancient_debris":"2025-08-07 15:32:56 -0700"},"done":true},"minecraft:recipes/misc/iron_ingot_from_blasting_iron_ore":{"criteria":{"has_iron_ore":"2025-08-07 15:29:12 -0700"},"done":true},"minecraft:recipes/decorations/white_banner":{"criteria":{"has_white_wool":"2025-08-07 16:19:05 -0700"},"done":true},"minecraft:recipes/misc/charcoal":{"criteria":{"has_log":"2025-08-07 15:18:54 -0700"},"done":true},"minecraft:recipes/redstone/redstone_torch":{"criteria":{"has_redstone":"2025-08-07 16:10:43 -0700"},"done":true},"minecraft:recipes/misc/diamond_from_smelting_diamond_ore":{"criteria":{"has_diamond_ore":"2025-08-07 15:30:33 -0700"},"done":true},"minecraft:recipes/tools/clock":{"criteria":{"has_redstone":"2025-08-07 16:10:43 -0700"},"done":true},"minecraft:recipes/misc/gold_ingot_from_smelting_gold_ore":{"criteria":{"has_gold_ore":"2025-08-07 15:30:26 -0700"},"done":true},"minecraft:recipes/building_blocks/stone_bricks_from_stone_stonecutting":{"criteria":{"has_stone":"2025-08-07 15:21:45 -0700"},"done":true},"minecraft:recipes/decorations/painting":{"criteria":{"has_wool":"2025-08-07 15:19:54 -0700"},"done":true},"minecraft:recipes/building_blocks/stone_slab":{"criteria":{"has_stone":"2025-08-07 15:21:45 -0700"},"done":true},"minecraft:recipes/decorations/black_carpet":{"criteria":{"has_black_wool":"2025-08-07 15:19:54 -0700"},"done":true},"minecraft:recipes/redstone/dropper":{"criteria":{"has_redstone":"2025-08-07 16:10:43 -0700"},"done":true},"minecraft:recipes/misc/netherite_ingot_from_netherite_block":{"criteria":{"has_netherite_block":"2025-08-07 16:54:34 -0700"},"done":true},"minecraft:recipes/misc/quartz":{"criteria":{"has_nether_quartz_ore":"2025-08-07 15:32:53 -0700"},"done":true},"minecraft:recipes/decorations/chest":{"criteria":{"has_lots_of_items":"2025-08-07 15:44:36 -0700"},"done":true},"minecraft:recipes/building_blocks/chiseled_stone_bricks_stone_from_stonecutting":{"criteria":{"has_stone":"2025-08-07 15:21:45 -0700"},"done":true},"minecraft:recipes/building_blocks/stone_stairs_from_stone_stonecutting":{"criteria":{"has_stone":"2025-08-07 15:21:45 -0700"},"done":true},"minecraft:recipes/misc/netherite_scrap":{"criteria":{"has_ancient_debris":"2025-08-07 15:32:56 -0700"},"done":true},"minecraft:recipes/redstone/redstone_block":{"criteria":{"has_redstone":"2025-08-07 16:10:43 -0700"},"done":true},"minecraft:recipes/misc/coal_from_blasting_coal_ore":{"criteria":{"has_coal_ore":"2025-08-07 15:30:21 -0700"},"done":true},"minecraft:recipes/misc/diamond_from_blasting_diamond_ore":{"criteria":{"has_diamond_ore":"2025-08-07 15:30:33 -0700"},"done":true},"minecraft:recipes/building_blocks/spruce_wood":{"criteria":{"has_log":"2025-08-07 16:34:20 -0700"},"done":true},"minecraft:recipes/building_blocks/oak_planks":{"criteria":{"has_logs":"2025-08-07 15:18:54 -0700"},"done":true},"minecraft:recipes/decorations/black_banner":{"criteria":{"has_black_wool":"2025-08-07 15:19:54 -0700"},"done":true},"minecraft:recipes/decorations/cartography_table":{"criteria":{"has_paper":"2025-08-07 16:41:59 -0700"},"done":true},"minecraft:recipes/redstone/stone_button":{"criteria":{"has_stone":"2025-08-07 15:21:45 -0700"},"done":true},"minecraft:recipes/decorations/stonecutter":{"criteria":{"has_stone":"2025-08-07 15:21:45 -0700"},"done":true},"minecraft:recipes/redstone/stone_pressure_plate":{"criteria":{"has_stone":"2025-08-07 15:21:45 -0700"},"done":true},"minecraft:recipes/misc/raw_iron":{"criteria":{"has_raw_iron_block":"2025-08-07 15:29:10 -0700"},"done":true},"minecraft:recipes/decorations/white_bed":{"criteria":{"has_white_wool":"2025-08-07 16:19:05 -0700"},"done":true},"minecraft:recipes/redstone/redstone":{"criteria":{"has_redstone_block":"2025-08-07 16:13:46 -0700"},"done":true},"minecraft:recipes/building_blocks/smooth_stone":{"criteria":{"has_stone":"2025-08-07 15:21:45 -0700"},"done":true},"minecraft:nether/obtain_ancient_debris":{"criteria":{"ancient_debris":"2025-08-07 15:32:56 -0700"},"done":true},"minecraft:recipes/redstone/note_block":{"criteria":{"has_redstone":"2025-08-07 16:10:43 -0700"},"done":true},"minecraft:recipes/redstone/redstone_from_smelting_redstone_ore":{"criteria":{"has_redstone_ore":"2025-08-07 15:30:28 -0700"},"done":true},"minecraft:recipes/redstone/target":{"criteria":{"has_redstone":"2025-08-07 16:10:43 -0700"},"done":true},"minecraft:recipes/misc/beacon":{"criteria":{"has_nether_star":"2025-08-07 17:02:43 -0700"},"done":true},"minecraft:recipes/decorations/white_carpet":{"criteria":{"has_white_wool":"2025-08-07 16:19:05 -0700"},"done":true},"minecraft:recipes/redstone/redstone_from_blasting_redstone_ore":{"criteria":{"has_redstone_ore":"2025-08-07 15:30:28 -0700"},"done":true},"minecraft:recipes/misc/coal_from_smelting_coal_ore":{"criteria":{"has_coal_ore":"2025-08-07 15:30:21 -0700"},"done":true},"minecraft:recipes/misc/nether_brick":{"criteria":{"has_netherrack":"2025-08-07 16:43:51 -0700"},"done":true},"minecraft:recipes/building_blocks/oak_wood":{"criteria":{"has_log":"2025-08-07 15:18:54 -0700"},"done":true},"minecraft:recipes/misc/slime_ball":{"criteria":{"has_slime_block":"2025-08-07 15:34:21 -0700"},"done":true},"minecraft:recipes/misc/quartz_from_blasting":{"criteria":{"has_nether_quartz_ore":"2025-08-07 15:32:53 -0700"},"done":true},"minecraft:recipes/tools/compass":{"criteria":{"has_redstone":"2025-08-07 16:10:43 -0700"},"done":true},"minecraft:recipes/decorations/stone_brick_walls_from_stone_stonecutting":{"criteria":{"has_stone":"2025-08-07 15:21:45 -0700"},"done":true},"minecraft:recipes/redstone/piston":{"criteria":{"has_redstone":"2025-08-07 16:10:43 -0700"},"done":true},"minecraft:recipes/building_blocks/stone_stairs":{"criteria":{"has_stone":"2025-08-07 15:21:45 -0700"},"done":true},"DataVersion":4440}