{"minecraft:recipes/decorations/crafting_table":{"criteria":{"unlock_right_away":"2025-08-11 08:39:52 -0700"},"done":true},"minecraft:adventure/root":{"criteria":{"killed_by_something":"2025-08-11 08:42:30 -0700"},"done":true},"minecraft:recipes/building_blocks/glowstone":{"criteria":{"has_glowstone_dust":"2025-08-11 09:04:26 -0700"},"done":true},"minecraft:recipes/combat/spectral_arrow":{"criteria":{"has_glowstone_dust":"2025-08-11 09:04:26 -0700"},"done":true},"minecraft:recipes/misc/charcoal":{"criteria":{"has_log":"2025-08-11 09:05:29 -0700"},"done":true},"minecraft:recipes/building_blocks/oak_planks":{"criteria":{"has_logs":"2025-08-11 09:05:29 -0700"},"done":true},"minecraft:recipes/building_blocks/oak_wood":{"criteria":{"has_log":"2025-08-11 09:05:29 -0700"},"done":true},"minecraft:recipes/combat/bow":{"criteria":{"has_string":"2025-08-11 09:06:16 -0700"},"done":true},"minecraft:recipes/tools/fishing_rod":{"criteria":{"has_string":"2025-08-11 09:06:16 -0700"},"done":true},"minecraft:recipes/building_blocks/white_wool_from_string":{"criteria":{"has_string":"2025-08-11 09:06:16 -0700"},"done":true},"minecraft:recipes/redstone/tripwire_hook":{"criteria":{"has_string":"2025-08-11 09:06:16 -0700"},"done":true},"minecraft:recipes/combat/crossbow":{"criteria":{"has_string":"2025-08-11 09:06:16 -0700"},"done":true},"minecraft:recipes/decorations/candle":{"criteria":{"has_string":"2025-08-11 09:06:16 -0700"},"done":true},"minecraft:recipes/decorations/loom":{"criteria":{"has_string":"2025-08-11 09:06:16 -0700"},"done":true},"minecraft:recipes/tools/bundle":{"criteria":{"has_string":"2025-08-11 09:06:16 -0700"},"done":true},"minecraft:recipes/tools/lead":{"criteria":{"has_string":"2025-08-11 09:06:16 -0700"},"done":true},"minecraft:story/root":{"criteria":{"crafting_table":"2025-08-11 09:10:42 -0700"},"done":true},"minecraft:recipes/building_blocks/oak_slab":{"criteria":{"has_planks":"2025-08-11 09:12:08 -0700"},"done":true},"minecraft:recipes/decorations/oak_sign":{"criteria":{"has_planks":"2025-08-11 09:12:08 -0700"},"done":true},"minecraft:recipes/redstone/oak_trapdoor":{"criteria":{"has_planks":"2025-08-11 09:12:08 -0700"},"done":true},"minecraft:recipes/redstone/oak_fence_gate":{"criteria":{"has_planks":"2025-08-11 09:12:08 -0700"},"done":true},"minecraft:recipes/redstone/oak_pressure_plate":{"criteria":{"has_planks":"2025-08-11 09:12:08 -0700"},"done":true},"minecraft:recipes/redstone/oak_door":{"criteria":{"has_planks":"2025-08-11 09:12:08 -0700"},"done":true},"minecraft:recipes/misc/stick":{"criteria":{"has_planks":"2025-08-11 09:12:08 -0700"},"done":true},"minecraft:recipes/building_blocks/oak_stairs":{"criteria":{"has_planks":"2025-08-11 09:12:08 -0700"},"done":true},"minecraft:recipes/decorations/oak_fence":{"criteria":{"has_planks":"2025-08-11 09:12:08 -0700"},"done":true},"minecraft:recipes/decorations/barrel":{"criteria":{"has_planks":"2025-08-11 09:12:08 -0700"},"done":true},"minecraft:recipes/redstone/oak_button":{"criteria":{"has_planks":"2025-08-11 09:12:08 -0700"},"done":true},"minecraft:recipes/redstone/redstone":{"criteria":{"has_the_recipe":"2025-08-11 09:12:22 -0700"},"done":true},"minecraft:recipes/decorations/ladder":{"criteria":{"has_stick":"2025-08-11 09:13:15 -0700"},"done":true},"minecraft:recipes/decorations/campfire":{"criteria":{"has_stick":"2025-08-11 09:13:15 -0700"},"done":true},"minecraft:recipes/tools/wooden_hoe":{"criteria":{"has_stick":"2025-08-11 09:13:15 -0700"},"done":true},"minecraft:recipes/tools/wooden_pickaxe":{"criteria":{"has_stick":"2025-08-11 09:13:15 -0700"},"done":true},"minecraft:recipes/tools/wooden_axe":{"criteria":{"has_stick":"2025-08-11 09:13:15 -0700"},"done":true},"minecraft:recipes/tools/wooden_shovel":{"criteria":{"has_stick":"2025-08-11 09:13:15 -0700"},"done":true},"minecraft:recipes/combat/wooden_sword":{"criteria":{"has_stick":"2025-08-11 09:13:15 -0700"},"done":true},"minecraft:recipes/redstone/lever":{"criteria":{"has_cobblestone":"2025-08-11 09:15:07 -0700"},"done":true},"minecraft:recipes/combat/stone_sword":{"criteria":{"has_cobblestone":"2025-08-11 09:15:07 -0700"},"done":true},"minecraft:recipes/decorations/cobblestone_wall":{"criteria":{"has_cobblestone":"2025-08-11 09:15:07 -0700"},"done":true},"minecraft:recipes/tools/stone_pickaxe":{"criteria":{"has_cobblestone":"2025-08-11 09:15:07 -0700"},"done":true},"minecraft:recipes/tools/stone_axe":{"criteria":{"has_cobblestone":"2025-08-11 09:15:07 -0700"},"done":true},"minecraft:story/mine_stone":{"criteria":{"get_stone":"2025-08-11 09:15:07 -0700"},"done":true},"minecraft:recipes/decorations/furnace":{"criteria":{"has_cobblestone":"2025-08-11 09:15:07 -0700"},"done":true},"minecraft:recipes/building_blocks/cobblestone_slab":{"criteria":{"has_cobblestone":"2025-08-11 09:15:07 -0700"},"done":true},"minecraft:recipes/building_blocks/cobblestone_slab_from_cobblestone_stonecutting":{"criteria":{"has_cobblestone":"2025-08-11 09:15:07 -0700"},"done":true},"minecraft:recipes/building_blocks/stone":{"criteria":{"has_cobblestone":"2025-08-11 09:15:07 -0700"},"done":true},"minecraft:recipes/decorations/cobblestone_wall_from_cobblestone_stonecutting":{"criteria":{"has_cobblestone":"2025-08-11 09:15:07 -0700"},"done":true},"minecraft:recipes/building_blocks/cobblestone_stairs_from_cobblestone_stonecutting":{"criteria":{"has_cobblestone":"2025-08-11 09:15:07 -0700"},"done":true},"minecraft:recipes/building_blocks/cobblestone_stairs":{"criteria":{"has_cobblestone":"2025-08-11 09:15:07 -0700"},"done":true},"minecraft:recipes/tools/stone_hoe":{"criteria":{"has_cobblestone":"2025-08-11 09:15:07 -0700"},"done":true},"minecraft:recipes/tools/stone_shovel":{"criteria":{"has_cobblestone":"2025-08-11 09:15:07 -0700"},"done":true},"minecraft:recipes/building_blocks/coal_block":{"criteria":{"has_coal":"2025-08-11 09:16:09 -0700"},"done":true},"minecraft:recipes/decorations/chest":{"criteria":{"has_lots_of_items":"2025-08-11 09:17:25 -0700"},"done":true},"minecraft:recipes/decorations/torch":{"criteria":{"has_stone_pickaxe":"2025-08-11 09:21:04 -0700"},"done":true},"minecraft:story/upgrade_tools":{"criteria":{"stone_pickaxe":"2025-08-11 09:21:04 -0700"},"done":true},"minecraft:recipes/redstone/dispenser":{"criteria":{"has_bow":"2025-08-11 09:27:49 -0700"},"done":true},"minecraft:recipes/transportation/detector_rail":{"criteria":{"has_rail":"2025-08-11 09:31:59 -0700"},"done":true},"minecraft:recipes/transportation/activator_rail":{"criteria":{"has_rail":"2025-08-11 09:31:59 -0700"},"done":true},"minecraft:recipes/transportation/powered_rail":{"criteria":{"has_rail":"2025-08-11 09:31:59 -0700"},"done":true},"minecraft:recipes/combat/diamond_leggings":{"criteria":{"has_diamond":"2025-08-11 10:13:37 -0700"},"done":true},"minecraft:recipes/combat/diamond_sword":{"criteria":{"has_diamond":"2025-08-11 10:13:37 -0700"},"done":true},"minecraft:recipes/decorations/jukebox":{"criteria":{"has_diamond":"2025-08-11 10:13:37 -0700"},"done":true},"minecraft:recipes/combat/diamond_chestplate":{"criteria":{"has_diamond":"2025-08-11 10:13:37 -0700"},"done":true},"minecraft:recipes/combat/diamond_helmet":{"criteria":{"has_diamond":"2025-08-11 10:13:37 -0700"},"done":true},"minecraft:recipes/tools/diamond_pickaxe":{"criteria":{"has_diamond":"2025-08-11 10:13:37 -0700"},"done":true},"minecraft:recipes/building_blocks/diamond_block":{"criteria":{"has_diamond":"2025-08-11 10:13:37 -0700"},"done":true},"minecraft:recipes/tools/diamond_hoe":{"criteria":{"has_diamond":"2025-08-11 10:13:37 -0700"},"done":true},"minecraft:recipes/tools/diamond_shovel":{"criteria":{"has_diamond":"2025-08-11 10:13:37 -0700"},"done":true},"minecraft:story/mine_diamond":{"criteria":{"diamond":"2025-08-11 10:13:37 -0700"},"done":true},"minecraft:recipes/tools/diamond_axe":{"criteria":{"has_diamond":"2025-08-11 10:13:37 -0700"},"done":true},"minecraft:recipes/combat/diamond_boots":{"criteria":{"has_diamond":"2025-08-11 10:13:37 -0700"},"done":true},"minecraft:recipes/transportation/mangrove_boat":{"criteria":{"in_water":"2025-08-11 10:31:04 -0700"},"done":true},"minecraft:recipes/transportation/acacia_boat":{"criteria":{"in_water":"2025-08-11 10:31:04 -0700"},"done":true},"minecraft:recipes/transportation/cherry_boat":{"criteria":{"in_water":"2025-08-11 10:31:04 -0700"},"done":true},"minecraft:recipes/transportation/pale_oak_boat":{"criteria":{"in_water":"2025-08-11 10:31:04 -0700"},"done":true},"minecraft:recipes/transportation/bamboo_raft":{"criteria":{"in_water":"2025-08-11 10:31:04 -0700"},"done":true},"minecraft:recipes/transportation/spruce_boat":{"criteria":{"in_water":"2025-08-11 10:31:04 -0700"},"done":true},"minecraft:recipes/transportation/birch_boat":{"criteria":{"in_water":"2025-08-11 10:31:04 -0700"},"done":true},"minecraft:recipes/transportation/oak_boat":{"criteria":{"in_water":"2025-08-11 10:31:04 -0700"},"done":true},"minecraft:recipes/transportation/jungle_boat":{"criteria":{"in_water":"2025-08-11 10:31:04 -0700"},"done":true},"minecraft:recipes/transportation/dark_oak_boat":{"criteria":{"in_water":"2025-08-11 10:31:04 -0700"},"done":true},"minecraft:nether/root":{"criteria":{"entered_nether":"2025-08-11 10:31:33 -0700"},"done":true},"minecraft:story/enter_the_nether":{"criteria":{"entered_nether":"2025-08-11 10:31:33 -0700"},"done":true},"minecraft:nether/explore_nether":{"criteria":{"minecraft:crimson_forest":"2025-08-11 10:31:34 -0700"},"done":false},"minecraft:recipes/transportation/chest_minecart":{"criteria":{"has_minecart":"2025-08-11 10:39:58 -0700"},"done":true},"minecraft:recipes/transportation/furnace_minecart":{"criteria":{"has_minecart":"2025-08-11 10:39:58 -0700"},"done":true},"minecraft:recipes/transportation/hopper_minecart":{"criteria":{"has_minecart":"2025-08-11 10:39:58 -0700"},"done":true},"minecraft:recipes/transportation/tnt_minecart":{"criteria":{"has_minecart":"2025-08-11 10:39:58 -0700"},"done":true},"minecraft:recipes/transportation/rail":{"criteria":{"has_minecart":"2025-08-11 10:39:58 -0700"},"done":true},"minecraft:recipes/redstone/repeater":{"criteria":{"has_redstone_torch":"2025-08-11 10:45:01 -0700"},"done":true},"minecraft:recipes/misc/iron_ingot_from_smelting_raw_iron":{"criteria":{"has_raw_iron":"2025-08-11 11:00:20 -0700"},"done":true},"minecraft:recipes/building_blocks/raw_iron_block":{"criteria":{"has_raw_iron":"2025-08-11 11:00:20 -0700"},"done":true},"minecraft:recipes/misc/iron_ingot_from_blasting_raw_iron":{"criteria":{"has_raw_iron":"2025-08-11 11:00:20 -0700"},"done":true},"minecraft:recipes/decorations/smoker":{"criteria":{"has_furnace":"2025-08-11 11:02:08 -0700"},"done":true},"minecraft:recipes/combat/iron_sword":{"criteria":{"has_iron_ingot":"2025-08-11 11:03:42 -0700"},"done":true},"minecraft:recipes/tools/iron_pickaxe":{"criteria":{"has_iron_ingot":"2025-08-11 11:03:42 -0700"},"done":true},"minecraft:recipes/combat/iron_leggings":{"criteria":{"has_iron_ingot":"2025-08-11 11:03:42 -0700"},"done":true},"minecraft:recipes/combat/shield":{"criteria":{"has_iron_ingot":"2025-08-11 11:03:42 -0700"},"done":true},"minecraft:recipes/redstone/hopper":{"criteria":{"has_iron_ingot":"2025-08-11 11:03:42 -0700"},"done":true},"minecraft:recipes/decorations/iron_bars":{"criteria":{"has_iron_ingot":"2025-08-11 11:03:42 -0700"},"done":true},"minecraft:recipes/combat/iron_boots":{"criteria":{"has_iron_ingot":"2025-08-11 11:03:42 -0700"},"done":true},"minecraft:recipes/combat/iron_chestplate":{"criteria":{"has_iron_ingot":"2025-08-11 11:03:42 -0700"},"done":true},"minecraft:recipes/decorations/lantern":{"criteria":{"has_iron_ingot":"2025-08-11 11:03:42 -0700"},"done":true},"minecraft:recipes/misc/iron_nugget":{"criteria":{"has_iron_ingot":"2025-08-11 11:03:42 -0700"},"done":true},"minecraft:recipes/misc/bucket":{"criteria":{"has_iron_ingot":"2025-08-11 11:03:42 -0700"},"done":true},"minecraft:recipes/combat/iron_helmet":{"criteria":{"has_iron_ingot":"2025-08-11 11:03:42 -0700"},"done":true},"minecraft:recipes/transportation/minecart":{"criteria":{"has_iron_ingot":"2025-08-11 11:03:42 -0700"},"done":true},"minecraft:recipes/tools/iron_hoe":{"criteria":{"has_iron_ingot":"2025-08-11 11:03:42 -0700"},"done":true},"minecraft:recipes/tools/iron_shovel":{"criteria":{"has_iron_ingot":"2025-08-11 11:03:42 -0700"},"done":true},"minecraft:story/smelt_iron":{"criteria":{"iron":"2025-08-11 11:03:42 -0700"},"done":true},"minecraft:recipes/tools/shears":{"criteria":{"has_iron_ingot":"2025-08-11 11:03:42 -0700"},"done":true},"minecraft:recipes/redstone/iron_trapdoor":{"criteria":{"has_iron_ingot":"2025-08-11 11:03:42 -0700"},"done":true},"minecraft:recipes/decorations/chain":{"criteria":{"has_iron_ingot":"2025-08-11 11:03:42 -0700"},"done":true},"minecraft:recipes/building_blocks/iron_block":{"criteria":{"has_iron_ingot":"2025-08-11 11:03:42 -0700"},"done":true},"minecraft:recipes/tools/iron_axe":{"criteria":{"has_iron_ingot":"2025-08-11 11:03:42 -0700"},"done":true},"minecraft:recipes/decorations/smithing_table":{"criteria":{"has_iron_ingot":"2025-08-11 11:03:42 -0700"},"done":true},"minecraft:recipes/decorations/lodestone":{"criteria":{"has_iron_ingot":"2025-08-11 11:03:42 -0700"},"done":true},"minecraft:recipes/redstone/iron_door":{"criteria":{"has_iron_ingot":"2025-08-11 11:03:42 -0700"},"done":true},"minecraft:recipes/redstone/heavy_weighted_pressure_plate":{"criteria":{"has_iron_ingot":"2025-08-11 11:03:42 -0700"},"done":true},"minecraft:recipes/misc/iron_nugget_from_smelting":{"criteria":{"has_iron_pickaxe":"2025-08-11 11:04:57 -0700"},"done":true},"minecraft:story/iron_tools":{"criteria":{"iron_pickaxe":"2025-08-11 11:04:57 -0700"},"done":true},"minecraft:recipes/misc/iron_nugget_from_blasting":{"criteria":{"has_iron_pickaxe":"2025-08-11 11:04:57 -0700"},"done":true},"minecraft:story/shiny_gear":{"criteria":{"diamond_helmet":"2025-08-11 11:10:02 -0700"},"done":true},"minecraft:recipes/tools/flint_and_steel":{"criteria":{"has_obsidian":"2025-08-11 11:22:04 -0700"},"done":true},"minecraft:story/form_obsidian":{"criteria":{"obsidian":"2025-08-11 11:22:04 -0700"},"done":true},"minecraft:recipes/decorations/enchanting_table":{"criteria":{"has_obsidian":"2025-08-11 11:22:04 -0700"},"done":true},"minecraft:recipes/misc/gold_ingot_from_smelting_raw_gold":{"criteria":{"has_raw_gold":"2025-08-12 11:08:44 -0700"},"done":true},"minecraft:recipes/building_blocks/raw_gold_block":{"criteria":{"has_raw_gold":"2025-08-12 11:08:44 -0700"},"done":true},"minecraft:recipes/redstone/redstone_torch":{"criteria":{"has_redstone":"2025-08-12 11:08:44 -0700"},"done":true},"minecraft:recipes/misc/gold_ingot_from_blasting_raw_gold":{"criteria":{"has_raw_gold":"2025-08-12 11:08:44 -0700"},"done":true},"minecraft:recipes/tools/clock":{"criteria":{"has_redstone":"2025-08-12 11:08:44 -0700"},"done":true},"minecraft:recipes/redstone/dropper":{"criteria":{"has_redstone":"2025-08-12 11:08:44 -0700"},"done":true},"minecraft:recipes/redstone/redstone_block":{"criteria":{"has_redstone":"2025-08-12 11:08:44 -0700"},"done":true},"minecraft:recipes/redstone/note_block":{"criteria":{"has_redstone":"2025-08-12 11:08:44 -0700"},"done":true},"minecraft:recipes/redstone/target":{"criteria":{"has_redstone":"2025-08-12 11:08:44 -0700"},"done":true},"minecraft:recipes/tools/compass":{"criteria":{"has_redstone":"2025-08-12 11:08:44 -0700"},"done":true},"minecraft:recipes/redstone/piston":{"criteria":{"has_redstone":"2025-08-12 11:08:44 -0700"},"done":true},"minecraft:recipes/misc/nether_brick":{"criteria":{"has_netherrack":"2025-08-12 11:11:24 -0700"},"done":true},"minecraft:recipes/building_blocks/lime_concrete_powder":{"criteria":{"has_gravel":"2025-08-13 10:45:36 -0700"},"done":true},"minecraft:recipes/building_blocks/coarse_dirt":{"criteria":{"has_gravel":"2025-08-13 10:45:36 -0700"},"done":true},"minecraft:recipes/building_blocks/light_gray_concrete_powder":{"criteria":{"has_gravel":"2025-08-13 10:45:36 -0700"},"done":true},"minecraft:recipes/building_blocks/pink_concrete_powder":{"criteria":{"has_gravel":"2025-08-13 10:45:36 -0700"},"done":true},"minecraft:recipes/building_blocks/netherite_block":{"criteria":{"has_netherite_ingot":"2025-08-13 11:23:42 -0700"},"done":true},"minecraft:recipes/combat/netherite_boots_smithing":{"criteria":{"has_netherite_ingot":"2025-08-13 11:23:42 -0700"},"done":true},"minecraft:recipes/building_blocks/orange_concrete_powder":{"criteria":{"has_gravel":"2025-08-13 10:45:36 -0700"},"done":true},"minecraft:recipes/food/cooked_porkchop":{"criteria":{"has_porkchop":"2025-08-13 10:52:15 -0700"},"done":true},"minecraft:recipes/tools/netherite_shovel_smithing":{"criteria":{"has_netherite_ingot":"2025-08-13 11:23:42 -0700"},"done":true},"minecraft:recipes/combat/netherite_chestplate_smithing":{"criteria":{"has_netherite_ingot":"2025-08-13 11:23:42 -0700"},"done":true},"minecraft:recipes/tools/golden_axe":{"criteria":{"has_gold_ingot":"2025-08-13 11:23:25 -0700"},"done":true},"minecraft:recipes/building_blocks/red_concrete_powder":{"criteria":{"has_gravel":"2025-08-13 10:45:36 -0700"},"done":true},"minecraft:recipes/tools/golden_pickaxe":{"criteria":{"has_gold_ingot":"2025-08-13 11:23:25 -0700"},"done":true},"minecraft:recipes/combat/netherite_sword_smithing":{"criteria":{"has_netherite_ingot":"2025-08-13 11:23:42 -0700"},"done":true},"minecraft:recipes/building_blocks/magenta_concrete_powder":{"criteria":{"has_gravel":"2025-08-13 10:45:36 -0700"},"done":true},"minecraft:recipes/building_blocks/brown_concrete_powder":{"criteria":{"has_gravel":"2025-08-13 10:45:36 -0700"},"done":true},"minecraft:recipes/misc/netherite_scrap_from_blasting":{"criteria":{"has_ancient_debris":"2025-08-13 11:20:01 -0700"},"done":true},"minecraft:recipes/misc/gold_nugget":{"criteria":{"has_gold_ingot":"2025-08-13 11:23:25 -0700"},"done":true},"minecraft:recipes/building_blocks/light_blue_concrete_powder":{"criteria":{"has_gravel":"2025-08-13 10:45:36 -0700"},"done":true},"minecraft:recipes/tools/golden_shovel":{"criteria":{"has_gold_ingot":"2025-08-13 11:23:25 -0700"},"done":true},"minecraft:recipes/food/golden_apple":{"criteria":{"has_gold_ingot":"2025-08-13 11:23:25 -0700"},"done":true},"minecraft:recipes/building_blocks/green_concrete_powder":{"criteria":{"has_gravel":"2025-08-13 10:45:36 -0700"},"done":true},"minecraft:recipes/combat/golden_boots":{"criteria":{"has_gold_ingot":"2025-08-13 11:23:25 -0700"},"done":true},"minecraft:recipes/combat/netherite_leggings_smithing":{"criteria":{"has_netherite_ingot":"2025-08-13 11:23:42 -0700"},"done":true},"minecraft:recipes/building_blocks/blue_concrete_powder":{"criteria":{"has_gravel":"2025-08-13 10:45:36 -0700"},"done":true},"minecraft:recipes/tools/netherite_axe_smithing":{"criteria":{"has_netherite_ingot":"2025-08-13 11:23:42 -0700"},"done":true},"minecraft:recipes/combat/golden_helmet":{"criteria":{"has_gold_ingot":"2025-08-13 11:23:25 -0700"},"done":true},"minecraft:recipes/building_blocks/yellow_concrete_powder":{"criteria":{"has_gravel":"2025-08-13 10:45:36 -0700"},"done":true},"minecraft:recipes/combat/golden_sword":{"criteria":{"has_gold_ingot":"2025-08-13 11:23:25 -0700"},"done":true},"minecraft:recipes/tools/netherite_hoe_smithing":{"criteria":{"has_netherite_ingot":"2025-08-13 11:23:42 -0700"},"done":true},"minecraft:recipes/building_blocks/gold_block":{"criteria":{"has_gold_ingot":"2025-08-13 11:23:25 -0700"},"done":true},"minecraft:recipes/combat/turtle_helmet":{"criteria":{"has_turtle_scute":"2025-08-13 10:51:15 -0700"},"done":true},"minecraft:recipes/building_blocks/white_concrete_powder":{"criteria":{"has_gravel":"2025-08-13 10:45:36 -0700"},"done":true},"minecraft:recipes/misc/netherite_scrap":{"criteria":{"has_ancient_debris":"2025-08-13 11:20:01 -0700"},"done":true},"minecraft:recipes/food/cooked_porkchop_from_campfire_cooking":{"criteria":{"has_porkchop":"2025-08-13 10:52:15 -0700"},"done":true},"minecraft:recipes/combat/golden_chestplate":{"criteria":{"has_gold_ingot":"2025-08-13 11:23:25 -0700"},"done":true},"minecraft:recipes/building_blocks/gray_concrete_powder":{"criteria":{"has_gravel":"2025-08-13 10:45:36 -0700"},"done":true},"minecraft:recipes/building_blocks/black_concrete_powder":{"criteria":{"has_gravel":"2025-08-13 10:45:36 -0700"},"done":true},"minecraft:recipes/food/cooked_porkchop_from_smoking":{"criteria":{"has_porkchop":"2025-08-13 10:52:15 -0700"},"done":true},"minecraft:recipes/misc/netherite_ingot":{"criteria":{"has_netherite_scrap":"2025-08-13 11:23:21 -0700"},"done":true},"minecraft:recipes/tools/golden_hoe":{"criteria":{"has_gold_ingot":"2025-08-13 11:23:25 -0700"},"done":true},"minecraft:nether/obtain_ancient_debris":{"criteria":{"ancient_debris":"2025-08-13 11:20:01 -0700"},"done":true},"minecraft:recipes/tools/netherite_pickaxe_smithing":{"criteria":{"has_netherite_ingot":"2025-08-13 11:23:42 -0700"},"done":true},"minecraft:recipes/building_blocks/purple_concrete_powder":{"criteria":{"has_gravel":"2025-08-13 10:45:36 -0700"},"done":true},"minecraft:adventure/trade":{"criteria":{"traded":"2025-08-13 11:24:49 -0700"},"done":true},"minecraft:recipes/building_blocks/cyan_concrete_powder":{"criteria":{"has_gravel":"2025-08-13 10:45:36 -0700"},"done":true},"minecraft:recipes/redstone/light_weighted_pressure_plate":{"criteria":{"has_gold_ingot":"2025-08-13 11:23:25 -0700"},"done":true},"minecraft:recipes/misc/slime_ball":{"criteria":{"has_slime_block":"2025-08-13 10:42:59 -0700"},"done":true},"minecraft:recipes/combat/golden_leggings":{"criteria":{"has_gold_ingot":"2025-08-13 11:23:25 -0700"},"done":true},"minecraft:recipes/combat/netherite_helmet_smithing":{"criteria":{"has_netherite_ingot":"2025-08-13 11:23:42 -0700"},"done":true},"DataVersion":4440}