{"stats":{"minecraft:custom":{"minecraft:talked_to_villager":1,"minecraft:time_since_rest":37574,"minecraft:walk_one_cm":33533,"minecraft:leave_game":5,"minecraft:damage_taken":880,"minecraft:play_time":71006,"minecraft:jump":225,"minecraft:time_since_death":34504,"minecraft:aviate_one_cm":953843,"minecraft:drop":14,"minecraft:sprint_one_cm":22798,"minecraft:open_chest":15,"minecraft:fall_one_cm":1328,"minecraft:total_world_time":71006,"minecraft:fly_one_cm":171329,"minecraft:walk_on_water_one_cm":286,"minecraft:sneak_time":493,"minecraft:deaths":4},"minecraft:picked_up":{"minecraft:lead":1,"minecraft:dirt":2,"minecraft:string":6,"minecraft:cobblestone":5,"minecraft:turtle_scute":1729,"minecraft:redstone":9},"minecraft:dropped":{"minecraft:water_bucket":1,"minecraft:turtle_scute":7,"minecraft:string":6},"minecraft:used":{"minecraft:elytra":1,"minecraft:redstone_block":107,"minecraft:chest":1,"minecraft:iron_helmet":1,"minecraft:oak_boat":2,"minecraft:firework_rocket":117}},"DataVersion":4440}