{"stats":{"minecraft:killed":{"minecraft:endermite":1},"minecraft:crafted":{"minecraft:diamond_boots":1,"minecraft:smithing_table":1,"minecraft:powered_rail":6,"minecraft:ender_eye":7,"minecraft:gold_ingot":68,"minecraft:stick":24,"minecraft:netherite_sword":1,"minecraft:lever":3,"minecraft:turtle_scute":2,"minecraft:diamond_pickaxe":1,"minecraft:bow":1,"minecraft:redstone":9,"minecraft:oak_boat":1,"minecraft:oak_pressure_plate":1,"minecraft:dispenser":1,"minecraft:sticky_piston":1,"minecraft:stone_pressure_plate":1,"minecraft:quartz_block":5,"minecraft:redstone_torch":3,"minecraft:oak_planks":76,"minecraft:rail":16,"minecraft:slime_ball":18,"minecraft:redstone_block":1,"minecraft:netherite_upgrade_smithing_template":24,"minecraft:netherite_helmet":1,"minecraft:stone_pickaxe":1,"minecraft:netherite_ingot":22,"minecraft:wooden_pickaxe":1,"minecraft:glowstone":10,"minecraft:detector_rail":6,"minecraft:netherite_boots":1,"minecraft:diamond_chestplate":1,"minecraft:dried_kelp":28,"minecraft:diamond_sword":1,"minecraft:paper":2,"minecraft:netherite_scrap":43,"minecraft:furnace":2,"minecraft:iron_ingot":13,"minecraft:netherite_leggings":1,"minecraft:diamond_helmet":1,"minecraft:redstone_lamp":5,"minecraft:stone":5,"minecraft:crafting_table":1,"minecraft:netherite_chestplate":1,"minecraft:diamond_leggings":1,"minecraft:enchanted_book":11,"minecraft:observer":1,"minecraft:iron_pickaxe":2,"minecraft:netherite_pickaxe":1,"minecraft:piston":2},"minecraft:mined":{"minecraft:stone_bricks":5,"minecraft:redstone_ore":16,"minecraft:lever":2,"minecraft:nether_quartz_ore":17,"minecraft:chest":1,"minecraft:detector_rail":4,"minecraft:netherrack":25,"minecraft:coal_ore":10,"minecraft:ancient_debris":36,"minecraft:oak_planks":5,"minecraft:cobblestone":8,"minecraft:gravel":1,"minecraft:furnace":1,"minecraft:honey_block":19,"minecraft:piston_head":1,"minecraft:slime_block":16,"minecraft:piston":1,"minecraft:sticky_piston":6,"minecraft:rail":6,"minecraft:dirt":39,"minecraft:gold_ore":57,"minecraft:tripwire":22,"minecraft:grass_block":67,"minecraft:glowstone":23,"minecraft:diamond_ore":115,"minecraft:quartz_block":2,"minecraft:oak_log":9,"minecraft:iron_ore":6,"minecraft:stone":57},"minecraft:used":{"minecraft:diamond_helmet":4,"minecraft:netherrack":10,"minecraft:observer":1,"minecraft:netherite_sword":5,"minecraft:iron_pickaxe":136,"minecraft:diamond_sword":30,"minecraft:oak_boat":1,"minecraft:honey_block":14,"minecraft:sticky_piston":10,"minecraft:slime_block":14,"minecraft:diamond_pickaxe":181,"minecraft:glowstone":5,"minecraft:stone_bricks":4,"minecraft:netherite_pickaxe":61,"minecraft:furnace":3,"minecraft:quartz_block":2,"minecraft:dirt":95,"minecraft:piston":1,"minecraft:lever":6,"minecraft:dried_kelp":2,"minecraft:detector_rail":6,"minecraft:redstone":12,"minecraft:turtle_scute":1,"minecraft:wooden_pickaxe":7,"minecraft:dispenser":1,"minecraft:smithing_table":1,"minecraft:cobblestone":40,"minecraft:rail":22,"minecraft:stone":3,"minecraft:redstone_lamp":5,"minecraft:redstone_torch":2,"minecraft:crafting_table":1,"minecraft:powered_rail":6,"minecraft:spyglass":9,"minecraft:chest":1,"minecraft:iron_helmet":4,"minecraft:oak_planks":58,"minecraft:stone_pickaxe":10},"minecraft:picked_up":{"minecraft:netherrack":27,"minecraft:netherite_block":1,"minecraft:dirt":104,"minecraft:cobblestone":88,"minecraft:rail":6,"minecraft:glowstone":1,"minecraft:lever":3,"minecraft:stone":3,"minecraft:redstone":142,"minecraft:slime_block":25,"minecraft:quartz_block":1,"minecraft:lead":2,"minecraft:iron_boots":1,"minecraft:coal":17,"minecraft:oak_log":20,"minecraft:wooden_axe":1,"minecraft:gold_ingot":30,"minecraft:furnace":1,"minecraft:diamond":191,"minecraft:sticky_piston":9,"minecraft:diamond_block":5,"minecraft:piston":1,"minecraft:quartz":26,"minecraft:oak_planks":5,"minecraft:netherite_scrap":12,"minecraft:honey_block":14,"minecraft:repeater":1,"minecraft:iron_ingot":16,"minecraft:kelp":88,"minecraft:dried_kelp":2,"minecraft:oak_button":1,"minecraft:raw_iron":7,"minecraft:ancient_debris":48,"minecraft:string":23,"minecraft:glowstone_dust":68,"minecraft:raw_gold":51,"minecraft:stone_bricks":5,"minecraft:turtle_scute":18,"minecraft:detector_rail":4,"minecraft:chest":1,"minecraft:iron_helmet":1,"minecraft:paper":1,"minecraft:netherite_sword":7},"minecraft:custom":{"minecraft:time_since_rest":5624,"minecraft:talked_to_villager":70,"minecraft:leave_game":5,"minecraft:damage_taken":21083,"minecraft:mob_kills":1,"minecraft:boat_one_cm":9003,"minecraft:time_since_death":5584,"minecraft:open_enderchest":29,"minecraft:interact_with_furnace":93,"minecraft:interact_with_smithing_table":5,"minecraft:swim_one_cm":964,"minecraft:total_world_time":358193,"minecraft:crouch_one_cm":18000,"minecraft:deaths":51,"minecraft:climb_one_cm":19527,"minecraft:player_kills":5,"minecraft:traded_with_villager":22,"minecraft:interact_with_crafting_table":79,"minecraft:walk_one_cm":941321,"minecraft:walk_under_water_one_cm":21283,"minecraft:damage_dealt":1700,"minecraft:play_time":358193,"minecraft:jump":2129,"minecraft:drop":163,"minecraft:sprint_one_cm":272080,"minecraft:open_chest":65,"minecraft:fall_one_cm":94563,"minecraft:fly_one_cm":203580,"minecraft:interact_with_anvil":5,"minecraft:walk_on_water_one_cm":16108,"minecraft:sneak_time":12174},"minecraft:dropped":{"minecraft:oak_button":1,"minecraft:netherite_scrap":3,"minecraft:detector_rail":4,"minecraft:netherite_sword":7,"minecraft:redstone":36,"minecraft:turtle_scute":135,"minecraft:stone_bricks":1,"minecraft:kelp":48,"minecraft:dirt":1,"minecraft:stick":2,"minecraft:glowstone":1,"minecraft:stone":3,"minecraft:iron_ingot":3,"minecraft:redstone_torch":1,"minecraft:netherite_upgrade_smithing_template":3,"minecraft:quartz":5,"minecraft:dried_kelp":28,"minecraft:paper":3,"minecraft:piston":1,"minecraft:netherrack":2,"minecraft:diamond":59,"minecraft:iron_boots":1,"minecraft:iron_pickaxe":1,"minecraft:oak_pressure_plate":1}},"DataVersion":4440}