{"stats":{"minecraft:killed":{"minecraft:hoglin":2},"minecraft:crafted":{"minecraft:wooden_axe":1,"minecraft:firework_rocket":32,"minecraft:diamond_boots":1,"minecraft:powered_rail":18,"minecraft:gold_ingot":122,"minecraft:iron_chestplate":1,"minecraft:stick":52,"minecraft:netherite_sword":1,"minecraft:lever":1,"minecraft:minecart":1,"minecraft:cooked_porkchop":1,"minecraft:turtle_scute":90,"minecraft:creeper_spawn_egg":2,"minecraft:diamond_pickaxe":1,"minecraft:chest":3,"minecraft:air":0,"minecraft:bow":1,"minecraft:repeater":1,"minecraft:elytra":1,"minecraft:bucket":1,"minecraft:flint_and_steel":2,"minecraft:diamond_shovel":3,"minecraft:oak_sign":3,"minecraft:redstone_torch":18,"minecraft:oak_planks":156,"minecraft:rail":64,"minecraft:slime_ball":9,"minecraft:redstone_block":23,"minecraft:netherite_upgrade_smithing_template":8,"minecraft:netherite_helmet":1,"minecraft:comparator":1,"minecraft:hopper":2,"minecraft:stone_pickaxe":1,"minecraft:netherite_ingot":21,"minecraft:wooden_pickaxe":1,"minecraft:netherite_boots":1,"minecraft:diamond_chestplate":1,"minecraft:dried_kelp":15,"minecraft:diamond_sword":1,"minecraft:iron_bars":16,"minecraft:paper":2,"minecraft:netherite_scrap":85,"minecraft:furnace":3,"minecraft:iron_ingot":68,"minecraft:netherite_leggings":1,"minecraft:diamond_helmet":1,"minecraft:stone":6,"minecraft:crafting_table":3,"minecraft:netherite_chestplate":1,"minecraft:diamond_leggings":1,"minecraft:enchanted_book":5,"minecraft:stone_axe":1,"minecraft:dropper":1,"minecraft:observer":1,"minecraft:iron_pickaxe":1,"minecraft:netherite_pickaxe":1,"minecraft:diamond_block":13,"minecraft:iron_axe":1},"minecraft:mined":{"minecraft:redstone_ore":178,"minecraft:nether_quartz_ore":20,"minecraft:netherrack":120,"minecraft:coal_ore":58,"minecraft:ancient_debris":79,"minecraft:oak_planks":10,"minecraft:cobblestone":45,"minecraft:gravel":47,"minecraft:red_terracotta":1,"minecraft:furnace":1,"minecraft:honey_block":19,"minecraft:wither_skeleton_skull":9,"minecraft:crafting_table":4,"minecraft:soul_sand":12,"minecraft:magma_block":36,"minecraft:powered_rail":26,"minecraft:slime_block":9,"minecraft:obsidian":45,"minecraft:redstone_torch":7,"minecraft:rail":48,"minecraft:dirt":14,"minecraft:gold_ore":86,"minecraft:tripwire":28,"minecraft:grass_block":212,"minecraft:glowstone":6,"minecraft:gold_block":2,"minecraft:diamond_ore":67,"minecraft:fire":22,"minecraft:oak_log":64,"minecraft:redstone_wire":2,"minecraft:iron_ore":44,"minecraft:stone":174},"minecraft:used":{"minecraft:stone_axe":5,"minecraft:iron_axe":85,"minecraft:repeater":1,"minecraft:diamond_helmet":1,"minecraft:netherite_sword":115,"minecraft:iron_pickaxe":248,"minecraft:diamond_sword":25,"minecraft:creeper_spawn_egg":2,"minecraft:firework_rocket":26,"minecraft:elytra":3,"minecraft:wooden_axe":2,"minecraft:diamond_pickaxe":16,"minecraft:glass":16,"minecraft:oak_sign":3,"minecraft:netherite_pickaxe":689,"minecraft:cooked_porkchop":1,"minecraft:magma_block":22,"minecraft:minecart":6,"minecraft:lava_bucket":4,"minecraft:warden_spawn_egg":1,"minecraft:redstone":27,"minecraft:wooden_pickaxe":44,"minecraft:diamond_leggings":1,"minecraft:oak_log":1,"minecraft:cobblestone":144,"minecraft:diamond_chestplate":1,"minecraft:hopper":2,"minecraft:crafting_table":7,"minecraft:netherite_chestplate":1,"minecraft:iron_chestplate":1,"minecraft:stone_pickaxe":24,"minecraft:diamond_boots":1,"minecraft:netherite_helmet":1,"minecraft:netherrack":15,"minecraft:diamond_shovel":329,"minecraft:honey_block":5,"minecraft:slime_block":1,"minecraft:soul_sand":12,"minecraft:netherite_boots":1,"minecraft:netherite_leggings":1,"minecraft:wither_skeleton_skull":9,"minecraft:furnace":4,"minecraft:dirt":198,"minecraft:obsidian":43,"minecraft:redstone_block":23,"minecraft:dried_kelp":10,"minecraft:turtle_scute":20,"minecraft:gravel":5,"minecraft:red_terracotta":1,"minecraft:rail":70,"minecraft:comparator":2,"minecraft:redstone_torch":15,"minecraft:flint_and_steel":96,"minecraft:bucket":4,"minecraft:powered_rail":32,"minecraft:spyglass":35,"minecraft:chest":1,"minecraft:oak_planks":59,"minecraft:dropper":1},"minecraft:custom":{"minecraft:time_since_rest":1709,"minecraft:talked_to_villager":88,"minecraft:leave_game":11,"minecraft:damage_taken":12208,"minecraft:mob_kills":2,"minecraft:time_since_death":1688,"minecraft:aviate_one_cm":437256,"minecraft:open_enderchest":18,"minecraft:interact_with_furnace":161,"minecraft:interact_with_smithing_table":11,"minecraft:swim_one_cm":5407,"minecraft:total_world_time":349940,"minecraft:crouch_one_cm":29082,"minecraft:deaths":35,"minecraft:climb_one_cm":24164,"minecraft:player_kills":1,"minecraft:minecart_one_cm":3392,"minecraft:traded_with_villager":102,"minecraft:interact_with_crafting_table":94,"minecraft:walk_one_cm":997644,"minecraft:walk_under_water_one_cm":6103,"minecraft:damage_dealt":5533,"minecraft:play_time":349940,"minecraft:jump":3027,"minecraft:drop":291,"minecraft:sprint_one_cm":751792,"minecraft:open_chest":66,"minecraft:fall_one_cm":102521,"minecraft:fly_one_cm":307152,"minecraft:interact_with_anvil":3,"minecraft:walk_on_water_one_cm":2196,"minecraft:sneak_time":10758},"minecraft:picked_up":{"minecraft:soul_sand":13,"minecraft:cobblestone":242,"minecraft:minecart":5,"minecraft:glass":32,"minecraft:flint":6,"minecraft:leather":1,"minecraft:redstone":810,"minecraft:slime_block":14,"minecraft:gold_nugget":9,"minecraft:wooden_axe":1,"minecraft:sculk_catalyst":1,"minecraft:gold_ingot":3,"minecraft:diamond":204,"minecraft:slime_ball":9,"minecraft:wither_skeleton_spawn_egg":1,"minecraft:netherite_upgrade_smithing_template":2,"minecraft:crimson_roots":1,"minecraft:porkchop":3,"minecraft:redstone_torch":6,"minecraft:powered_rail":27,"minecraft:red_terracotta":1,"minecraft:gold_block":2,"minecraft:honey_block":36,"minecraft:iron_axe":1,"minecraft:raw_iron":63,"minecraft:glowstone_dust":70,"minecraft:raw_gold":160,"minecraft:stone_axe":1,"minecraft:firework_rocket":1,"minecraft:turtle_scute":45,"minecraft:netherite_sword":1,"minecraft:netherrack":111,"minecraft:dirt":234,"minecraft:rail":46,"minecraft:magma_block":42,"minecraft:lever":1,"minecraft:gravel":38,"minecraft:torch":1,"minecraft:diamond_pickaxe":1,"minecraft:iron_boots":1,"minecraft:coal":97,"minecraft:oak_log":124,"minecraft:netherite_pickaxe":1,"minecraft:furnace":1,"minecraft:warden_spawn_egg":1,"minecraft:iron_pickaxe":1,"minecraft:quartz":23,"minecraft:anvil":1,"minecraft:wooden_pickaxe":1,"minecraft:oak_planks":8,"minecraft:netherite_scrap":3,"minecraft:crafting_table":4,"minecraft:dried_kelp":15,"minecraft:oak_button":2,"minecraft:wither_skeleton_skull":9,"minecraft:ancient_debris":88,"minecraft:string":21,"minecraft:obsidian":43,"minecraft:oak_slab":6,"minecraft:netherite_ingot":7,"minecraft:comparator":1},"minecraft:dropped":{"minecraft:oak_button":1,"minecraft:netherite_pickaxe":1,"minecraft:iron_axe":1,"minecraft:observer":1,"minecraft:ancient_debris":1,"minecraft:cobblestone":44,"minecraft:porkchop":2,"minecraft:magma_block":20,"minecraft:iron_chestplate":1,"minecraft:torch":1,"minecraft:turtle_scute":24,"minecraft:crimson_roots":1,"minecraft:gravel":33,"minecraft:dirt":36,"minecraft:firework_rocket":1,"minecraft:leather":1,"minecraft:iron_ingot":2,"minecraft:quartz":18,"minecraft:paper":2,"minecraft:raw_gold":1,"minecraft:stone_pickaxe":1,"minecraft:netherite_ingot":8,"minecraft:rail":15,"minecraft:lever":2,"minecraft:soul_sand":1,"minecraft:wither_skeleton_spawn_egg":1,"minecraft:diamond_block":5,"minecraft:glowstone_dust":69,"minecraft:netherite_sword":1,"minecraft:redstone":177,"minecraft:oak_log":2,"minecraft:diamond_pickaxe":1,"minecraft:string":11,"minecraft:wooden_pickaxe":2,"minecraft:flint":4,"minecraft:stick":1,"minecraft:oak_slab":6,"minecraft:raw_iron":8,"minecraft:slime_ball":9,"minecraft:dried_kelp":20,"minecraft:wooden_axe":2,"minecraft:gold_ingot":2,"minecraft:netherrack":92,"minecraft:stone_axe":2,"minecraft:honey_block":13,"minecraft:iron_boots":1,"minecraft:iron_pickaxe":1,"minecraft:slime_block":12},"minecraft:killed_by":{"minecraft:wither":5,"minecraft:player":1,"minecraft:warden":9},"minecraft:broken":{"minecraft:iron_pickaxe":1,"minecraft:flint_and_steel":1}},"DataVersion":4440}