{"stats":{"minecraft:picked_up":{"minecraft:diamond_axe":1,"minecraft:enchanted_book":2,"minecraft:netherrack":2,"minecraft:dirt":4,"minecraft:cobblestone":14,"minecraft:rail":2,"minecraft:redstone":34,"minecraft:diamond_pickaxe":1,"minecraft:oak_log":8,"minecraft:diamond":4,"minecraft:sticky_piston":1,"minecraft:wither_skeleton_spawn_egg":1,"minecraft:crimson_roots":2,"minecraft:redstone_torch":2,"minecraft:nether_star":1730,"minecraft:powered_rail":2,"minecraft:oak_planks":1,"minecraft:iron_ingot":1,"minecraft:oak_button":2,"minecraft:raw_iron":1,"minecraft:written_book":1,"minecraft:wither_skeleton_skull":1,"minecraft:crossbow":1,"minecraft:string":1,"minecraft:mace":1,"minecraft:turtle_scute":2102,"minecraft:netherite_ingot":7,"minecraft:paper":10},"minecraft:dropped":{"minecraft:oak_planks":12,"minecraft:powered_rail":1,"minecraft:turtle_scute":528,"minecraft:kelp":64,"minecraft:iron_ingot":1,"minecraft:iron_nugget":64,"minecraft:enchanted_book":1,"minecraft:paper":3,"minecraft:spruce_sign":1,"minecraft:netherite_ingot":66,"minecraft:spruce_slab":1,"minecraft:crossbow":3,"minecraft:soul_sand":1,"minecraft:mace":2,"minecraft:emerald_block":1,"minecraft:amethyst_block":2,"minecraft:nether_star":1728,"minecraft:redstone":2,"minecraft:oak_log":4,"minecraft:grass_block":1,"minecraft:milk_bucket":1,"minecraft:string":1,"minecraft:spruce_stairs":1,"minecraft:redstone_torch":1,"minecraft:spruce_log":1,"minecraft:wooden_axe":1,"minecraft:ochre_froglight":1,"minecraft:bread":1,"minecraft:chorus_fruit":1,"minecraft:oak_button":65,"minecraft:cobblestone":5,"minecraft:iron_helmet":2,"minecraft:spruce_planks":1,"minecraft:barrier":2,"minecraft:diamond_axe":3,"minecraft:dirt":1,"minecraft:firework_rocket":64,"minecraft:diamond_chestplate":1,"minecraft:chest":1,"minecraft:ender_pearl":1,"minecraft:ender_chest":1,"minecraft:repeating_command_block":1,"minecraft:brown_wool":1,"minecraft:wither_skeleton_spawn_egg":1,"minecraft:bedrock":1,"minecraft:written_book":1,"minecraft:warden_spawn_egg":1,"minecraft:raw_iron":1,"minecraft:sticky_piston":1,"minecraft:spruce_fence":1,"minecraft:netherrack":2,"minecraft:netherite_block":1},"minecraft:mined":{"minecraft:oak_log":5,"minecraft:oak_planks":1},"minecraft:used":{"minecraft:grass_block":331,"minecraft:spruce_fence":24,"minecraft:repeater":14,"minecraft:string":1,"minecraft:daylight_detector":4,"minecraft:observer":5,"minecraft:spruce_stairs":1,"minecraft:firework_rocket":19,"minecraft:campfire":1,"minecraft:milk_bucket":1,"minecraft:sticky_piston":45,"minecraft:jungle_trapdoor":1,"minecraft:elytra":1,"minecraft:wooden_axe":5,"minecraft:ochre_froglight":11,"minecraft:stone_bricks":1,"minecraft:command_block":11,"minecraft:blue_wool":3,"minecraft:minecart":27,"minecraft:waxed_weathered_copper_bulb":1,"minecraft:redstone":67,"minecraft:spruce_door":1,"minecraft:mace":22,"minecraft:cobblestone":32,"minecraft:stone":697,"minecraft:hopper":2,"minecraft:spruce_slab":1,"minecraft:barrier":63,"minecraft:crafting_table":2,"minecraft:spruce_sign":1,"minecraft:birch_boat":1,"minecraft:chorus_fruit":1,"minecraft:spruce_log":13,"minecraft:honey_block":4,"minecraft:slime_block":14,"minecraft:soul_sand":68,"minecraft:water_bucket":5,"minecraft:repeating_command_block":11,"minecraft:wither_skeleton_skull":41,"minecraft:anvil":10,"minecraft:furnace":17,"minecraft:bread":3,"minecraft:torch":8,"minecraft:acacia_fence":1,"minecraft:obsidian":46,"minecraft:sugar":3,"minecraft:red_wool":10,"minecraft:lever":7,"minecraft:oak_button":18,"minecraft:redstone_block":6,"minecraft:spruce_planks":37,"minecraft:turtle_scute":38,"minecraft:light":72,"minecraft:dispenser":22,"minecraft:redstone_lamp":6,"minecraft:comparator":3,"minecraft:redstone_torch":9,"minecraft:ender_chest":4,"minecraft:flint_and_steel":6,"minecraft:spyglass":12,"minecraft:chest":6,"minecraft:powered_rail":70,"minecraft:amethyst_block":2,"minecraft:iron_helmet":1,"minecraft:oak_planks":15,"minecraft:brown_wool":10,"minecraft:dropper":2,"minecraft:iron_nugget":16,"minecraft:ender_pearl":6,"minecraft:bedrock":17},"minecraft:killed":{"minecraft:wither":2,"minecraft:villager":2},"minecraft:custom":{"minecraft:talked_to_villager":38,"minecraft:time_since_rest":52,"minecraft:leave_game":15,"minecraft:damage_taken":1363,"minecraft:mob_kills":4,"minecraft:damage_absorbed":200,"minecraft:time_since_death":25,"minecraft:aviate_one_cm":247070,"minecraft:open_enderchest":12,"minecraft:interact_with_furnace":2,"minecraft:sleep_in_bed":1,"minecraft:inspect_dispenser":4,"minecraft:total_world_time":642268,"minecraft:crouch_one_cm":15913,"minecraft:deaths":5,"minecraft:climb_one_cm":1742,"minecraft:minecart_one_cm":24472,"minecraft:traded_with_villager":9,"minecraft:damage_resisted":10,"minecraft:interact_with_crafting_table":1,"minecraft:inspect_dropper":1,"minecraft:walk_one_cm":319115,"minecraft:walk_under_water_one_cm":4362,"minecraft:play_time":641142,"minecraft:damage_dealt":8938,"minecraft:jump":1727,"minecraft:drop":632,"minecraft:sprint_one_cm":252647,"minecraft:open_chest":48,"minecraft:inspect_hopper":3,"minecraft:fall_one_cm":9893,"minecraft:fly_one_cm":4708330,"minecraft:walk_on_water_one_cm":3875,"minecraft:sneak_time":19882},"minecraft:crafted":{"minecraft:oak_planks":12,"minecraft:turtle_scute":9}},"DataVersion":4440}