{"stats":{"minecraft:custom":{"minecraft:minecart_one_cm":14240,"minecraft:interact_with_crafting_table":7,"minecraft:talked_to_villager":2,"minecraft:time_since_rest":47287,"minecraft:walk_one_cm":425828,"minecraft:leave_game":2,"minecraft:damage_taken":3272,"minecraft:play_time":168056,"minecraft:damage_dealt":203,"minecraft:jump":371,"minecraft:time_since_death":47007,"minecraft:drop":104,"minecraft:open_enderchest":3,"minecraft:interact_with_furnace":3,"minecraft:sprint_one_cm":9154,"minecraft:fall_one_cm":7475,"minecraft:total_world_time":168056,"minecraft:fly_one_cm":4296,"minecraft:crouch_one_cm":6122,"minecraft:sneak_time":15556,"minecraft:deaths":9,"minecraft:climb_one_cm":6780},"minecraft:broken":{"minecraft:wooden_pickaxe":1},"minecraft:picked_up":{"minecraft:diamond_axe":1,"minecraft:netherrack":83,"minecraft:dirt":73,"minecraft:cobblestone":90,"minecraft:magma_block":3,"minecraft:diamond_helmet":1,"minecraft:redstone":41,"minecraft:diamond_pickaxe":2,"minecraft:slime_block":9,"minecraft:gold_nugget":9,"minecraft:stone_pickaxe":1,"minecraft:oak_log":16,"minecraft:diamond":61,"minecraft:iron_sword":2,"minecraft:shield":1,"minecraft:sticky_piston":1,"minecraft:iron_pickaxe":1,"minecraft:quartz":1,"minecraft:iron_leggings":1,"minecraft:diamond_sword":2,"minecraft:wooden_pickaxe":1,"minecraft:crimson_fungus":1,"minecraft:wooden_sword":1,"minecraft:diamond_boots":1,"minecraft:honey_block":3,"minecraft:crafting_table":2,"minecraft:iron_ingot":9,"minecraft:raw_iron":2,"minecraft:diamond_chestplate":1,"minecraft:ancient_debris":2,"minecraft:string":13,"minecraft:golden_sword":1,"minecraft:stone_sword":1,"minecraft:glowstone_dust":132,"minecraft:raw_gold":21,"minecraft:iron_helmet":1,"minecraft:diamond_leggings":1,"minecraft:iron_chestplate":2},"minecraft:dropped":{"minecraft:cobblestone":16,"minecraft:glowstone_dust":68,"minecraft:magma_block":1,"minecraft:turtle_scute":6,"minecraft:oak_log":7,"minecraft:diamond_pickaxe":1,"minecraft:diamond_sword":2,"minecraft:iron_sword":1,"minecraft:glass":4,"minecraft:dirt":64,"minecraft:raw_iron":2,"minecraft:crimson_fungus":1,"minecraft:quartz":1,"minecraft:netherrack":15,"minecraft:slime_block":9},"minecraft:used":{"minecraft:iron_pickaxe":133,"minecraft:wooden_pickaxe":58,"minecraft:diamond_sword":1,"minecraft:oak_log":7,"minecraft:cobblestone":1,"minecraft:honey_block":3,"minecraft:sticky_piston":1,"minecraft:diamond_pickaxe":169,"minecraft:glass":149,"minecraft:crafting_table":2,"minecraft:wooden_sword":17,"minecraft:iron_helmet":1,"minecraft:iron_chestplate":1,"minecraft:oak_planks":1,"minecraft:stone_pickaxe":4},"minecraft:mined":{"minecraft:redstone_ore":11,"minecraft:nether_quartz_ore":1,"minecraft:crimson_stem":1,"minecraft:glass":36,"minecraft:netherrack":100,"minecraft:ancient_debris":2,"minecraft:cobblestone":17,"minecraft:weeping_vines_plant":1,"minecraft:furnace":1,"minecraft:honey_block":6,"minecraft:crafting_table":3,"minecraft:magma_block":7,"minecraft:slime_block":7,"minecraft:crimson_nylium":21,"minecraft:redstone_torch":2,"minecraft:sticky_piston":3,"minecraft:dirt":2,"minecraft:gold_ore":21,"minecraft:tripwire":17,"minecraft:grass_block":73,"minecraft:glowstone":25,"minecraft:diamond_ore":19,"minecraft:nether_gold_ore":4,"minecraft:oak_log":11,"minecraft:stone":89},"minecraft:crafted":{"minecraft:stick":2,"minecraft:furnace":1,"minecraft:wooden_pickaxe":1,"minecraft:oak_planks":6,"minecraft:wooden_sword":1,"minecraft:diamond_sword":1}},"DataVersion":4440}