{"stats":{"minecraft:crafted":{"minecraft:stone_shovel":1,"minecraft:iron_ingot":5,"minecraft:gold_ingot":1,"minecraft:stone_pickaxe":1,"minecraft:oak_sign":3,"minecraft:crafting_table":1,"minecraft:torch":12,"minecraft:stick":16,"minecraft:stone_axe":1,"minecraft:oak_planks":88,"minecraft:turtle_scute":5,"minecraft:chest":1,"minecraft:diamond_pickaxe":1,"minecraft:dried_kelp":26,"minecraft:iron_pickaxe":1,"minecraft:netherite_scrap":4,"minecraft:paper":1,"minecraft:redstone":72},"minecraft:mined":{"minecraft:torch":2,"minecraft:redstone_ore":15,"minecraft:netherrack":13,"minecraft:coal_ore":37,"minecraft:ancient_debris":4,"minecraft:oak_planks":2,"minecraft:cobblestone":9,"minecraft:gravel":1,"minecraft:oak_button":1,"minecraft:dirt_path":4,"minecraft:honey_block":4,"minecraft:crafting_table":2,"minecraft:magma_block":14,"minecraft:powered_rail":1,"minecraft:slime_block":3,"minecraft:dirt":29,"minecraft:tripwire":5,"minecraft:grass_block":113,"minecraft:glowstone":30,"minecraft:redstone_block":8,"minecraft:diamond_ore":20,"minecraft:fire":8,"minecraft:ender_chest":1,"minecraft:oak_log":27,"minecraft:redstone_wire":6,"minecraft:iron_ore":14,"minecraft:stone":65},"minecraft:used":{"minecraft:stone_axe":27,"minecraft:netherrack":21,"minecraft:dried_kelp":21,"minecraft:redstone":5,"minecraft:turtle_scute":1,"minecraft:iron_pickaxe":45,"minecraft:gravel":24,"minecraft:oak_log":1,"minecraft:cobblestone":44,"minecraft:stone_shovel":131,"minecraft:honey_block":3,"minecraft:diamond_pickaxe":5,"minecraft:oak_sign":2,"minecraft:crafting_table":3,"minecraft:chest":1,"minecraft:oak_planks":55,"minecraft:torch":8,"minecraft:stone_pickaxe":202,"minecraft:magma_block":7,"minecraft:dirt":136,"minecraft:iron_boots":1,"minecraft:obsidian":1},"minecraft:custom":{"minecraft:talked_to_villager":37,"minecraft:time_since_rest":3038,"minecraft:leave_game":4,"minecraft:damage_taken":6750,"minecraft:time_since_death":3007,"minecraft:open_enderchest":3,"minecraft:interact_with_furnace":22,"minecraft:total_world_time":151789,"minecraft:swim_one_cm":6672,"minecraft:crouch_one_cm":38149,"minecraft:deaths":28,"minecraft:climb_one_cm":960,"minecraft:traded_with_villager":6,"minecraft:interact_with_crafting_table":10,"minecraft:walk_one_cm":386916,"minecraft:walk_under_water_one_cm":6274,"minecraft:play_time":151789,"minecraft:jump":1839,"minecraft:drop":63,"minecraft:sprint_one_cm":136748,"minecraft:open_chest":5,"minecraft:fall_one_cm":52417,"minecraft:fly_one_cm":252334,"minecraft:walk_on_water_one_cm":5088,"minecraft:sneak_time":12611},"minecraft:picked_up":{"minecraft:netherrack":23,"minecraft:dirt":143,"minecraft:cobblestone":94,"minecraft:rail":3,"minecraft:magma_block":33,"minecraft:lever":1,"minecraft:flint":18,"minecraft:gravel":33,"minecraft:redstone":106,"minecraft:torch":1,"minecraft:slime_block":3,"minecraft:iron_boots":1,"minecraft:coal":39,"minecraft:stone_pickaxe":1,"minecraft:oak_log":24,"minecraft:redstone_block":8,"minecraft:diamond":20,"minecraft:slime_ball":8,"minecraft:porkchop":2,"minecraft:powered_rail":1,"minecraft:oak_planks":4,"minecraft:honey_block":6,"minecraft:crafting_table":2,"minecraft:iron_ingot":2,"minecraft:dried_kelp":25,"minecraft:kelp":152,"minecraft:oak_button":1,"minecraft:raw_iron":22,"minecraft:ancient_debris":6,"minecraft:string":4,"minecraft:glowstone_dust":90,"minecraft:raw_gold":5,"minecraft:obsidian":8,"minecraft:mace":1,"minecraft:turtle_scute":64,"minecraft:paper":1,"minecraft:iron_chestplate":1},"minecraft:dropped":{"minecraft:oak_button":1,"minecraft:oak_planks":1,"minecraft:porkchop":2,"minecraft:magma_block":6,"minecraft:iron_chestplate":1,"minecraft:redstone":13,"minecraft:turtle_scute":1,"minecraft:kelp":256,"minecraft:gravel":9,"minecraft:flint":12,"minecraft:dirt":5,"minecraft:dried_kelp":25,"minecraft:gold_ingot":1,"minecraft:paper":1,"minecraft:netherrack":1,"minecraft:raw_gold":10,"minecraft:iron_boots":1,"minecraft:coal":64,"minecraft:lever":1},"minecraft:broken":{"minecraft:stone_shovel":1,"minecraft:stone_pickaxe":1}},"DataVersion":4440}