{"stats":{"minecraft:crafted":{"minecraft:stone_sword":1,"minecraft:firework_rocket":16,"minecraft:diamond_boots":2,"minecraft:wooden_sword":1,"minecraft:gold_ingot":65,"minecraft:stone_pickaxe":1,"minecraft:iron_door":3,"minecraft:netherite_ingot":1,"minecraft:stick":28,"minecraft:wooden_pickaxe":1,"minecraft:glowstone":41,"minecraft:minecart":1,"minecraft:heavy_weighted_pressure_plate":2,"minecraft:turtle_scute":7,"minecraft:diamond_axe":1,"minecraft:diamond_pickaxe":4,"minecraft:diamond_chestplate":2,"minecraft:wooden_shovel":1,"minecraft:diamond_sword":2,"minecraft:paper":5,"minecraft:netherite_scrap":38,"minecraft:oak_boat":1,"minecraft:iron_ingot":56,"minecraft:diamond_helmet":2,"minecraft:stone":1,"minecraft:diamond_leggings":2,"minecraft:enchanted_book":1,"minecraft:stone_axe":1,"minecraft:oak_planks":164,"minecraft:iron_pickaxe":2,"minecraft:iron_sword":1},"minecraft:mined":{"minecraft:redstone_ore":173,"minecraft:nether_quartz_ore":1,"minecraft:chest":2,"minecraft:glass":3,"minecraft:netherrack":71,"minecraft:coal_ore":227,"minecraft:ancient_debris":76,"minecraft:oak_planks":9,"minecraft:cobblestone":24,"minecraft:furnace":2,"minecraft:honey_block":8,"minecraft:crafting_table":1,"minecraft:light_gray_wool":2,"minecraft:powered_rail":1,"minecraft:slime_block":11,"minecraft:obsidian":1,"minecraft:redstone_torch":1,"minecraft:sticky_piston":1,"minecraft:rail":2,"minecraft:dirt":9,"minecraft:gold_ore":61,"minecraft:repeater":1,"minecraft:tripwire":18,"minecraft:grass_block":71,"minecraft:glowstone":101,"minecraft:heavy_weighted_pressure_plate":1,"minecraft:diamond_ore":108,"minecraft:oak_wood":1,"minecraft:oak_log":71,"minecraft:redstone_wire":2,"minecraft:iron_ore":121,"minecraft:stone":975},"minecraft:used":{"minecraft:stone_axe":8,"minecraft:netherrack":44,"minecraft:iron_pickaxe":275,"minecraft:diamond_sword":35,"minecraft:oak_boat":1,"minecraft:firework_rocket":12,"minecraft:iron_sword":9,"minecraft:diamond_pickaxe":1630,"minecraft:wooden_sword":7,"minecraft:glowstone":26,"minecraft:furnace":2,"minecraft:dirt":33,"minecraft:minecart":1,"minecraft:stone_sword":37,"minecraft:redstone":7,"minecraft:turtle_scute":7,"minecraft:wooden_pickaxe":31,"minecraft:oak_log":7,"minecraft:cobblestone":312,"minecraft:rail":1,"minecraft:diamond_axe":61,"minecraft:crafting_table":1,"minecraft:spyglass":3,"minecraft:chest":1,"minecraft:oak_planks":20,"minecraft:stone_pickaxe":75,"minecraft:iron_door":2,"minecraft:heavy_weighted_pressure_plate":4},"minecraft:custom":{"minecraft:time_since_rest":6701,"minecraft:talked_to_villager":36,"minecraft:leave_game":9,"minecraft:damage_taken":19093,"minecraft:mob_kills":1,"minecraft:time_since_death":6187,"minecraft:aviate_one_cm":188526,"minecraft:open_enderchest":2,"minecraft:interact_with_furnace":18,"minecraft:swim_one_cm":82,"minecraft:total_world_time":350535,"minecraft:crouch_one_cm":9127,"minecraft:deaths":73,"minecraft:climb_one_cm":2036,"minecraft:player_kills":4,"minecraft:minecart_one_cm":4718,"minecraft:traded_with_villager":14,"minecraft:interact_with_crafting_table":19,"minecraft:walk_one_cm":1296500,"minecraft:walk_under_water_one_cm":4679,"minecraft:damage_dealt":2958,"minecraft:play_time":350535,"minecraft:jump":2149,"minecraft:drop":462,"minecraft:sprint_one_cm":21230,"minecraft:open_chest":10,"minecraft:inspect_hopper":1,"minecraft:fall_one_cm":52699,"minecraft:fly_one_cm":69565,"minecraft:interact_with_anvil":3,"minecraft:walk_on_water_one_cm":11533,"minecraft:sneak_time":5754},"minecraft:picked_up":{"minecraft:iron_door":2,"minecraft:diamond_axe":1,"minecraft:netherrack":77,"minecraft:oak_wood":1,"minecraft:dirt":77,"minecraft:cobblestone":976,"minecraft:rail":3,"minecraft:lever":1,"minecraft:light_gray_wool":2,"minecraft:redstone":910,"minecraft:diamond_pickaxe":7,"minecraft:slime_block":18,"minecraft:heavy_weighted_pressure_plate":2,"minecraft:lead":1,"minecraft:coal":268,"minecraft:oak_log":125,"minecraft:gold_ingot":1,"minecraft:furnace":3,"minecraft:diamond":95,"minecraft:sticky_piston":1,"minecraft:iron_pickaxe":3,"minecraft:crimson_roots":1,"minecraft:quartz":1,"minecraft:diamond_sword":1,"minecraft:oak_pressure_plate":1,"minecraft:stick":4,"minecraft:powered_rail":2,"minecraft:oak_planks":7,"minecraft:spyglass":1,"minecraft:netherite_scrap":2,"minecraft:honey_block":7,"minecraft:crafting_table":1,"minecraft:repeater":1,"minecraft:oak_button":1,"minecraft:raw_iron":182,"minecraft:ancient_debris":81,"minecraft:bedrock":1,"minecraft:string":16,"minecraft:glowstone_dust":307,"minecraft:raw_gold":70,"minecraft:turtle_scute":92,"minecraft:chest":2,"minecraft:paper":64},"minecraft:dropped":{"minecraft:oak_button":1,"minecraft:ancient_debris":21,"minecraft:netherite_scrap":40,"minecraft:cobblestone":303,"minecraft:oak_planks":111,"minecraft:powered_rail":2,"minecraft:turtle_scute":27,"minecraft:iron_door":3,"minecraft:lead":1,"minecraft:diamond_axe":1,"minecraft:dirt":40,"minecraft:wooden_shovel":1,"minecraft:iron_ingot":20,"minecraft:quartz":1,"minecraft:chest":1,"minecraft:paper":133,"minecraft:raw_gold":7,"minecraft:diamond":87,"minecraft:oak_pressure_plate":1,"minecraft:rail":2,"minecraft:coal":91,"minecraft:lever":1,"minecraft:glowstone_dust":143,"minecraft:redstone":907,"minecraft:oak_log":105,"minecraft:diamond_pickaxe":8,"minecraft:furnace":1,"minecraft:string":16,"minecraft:diamond_sword":2,"minecraft:stick":4,"minecraft:raw_iron":76,"minecraft:sticky_piston":1,"minecraft:gold_ingot":62,"minecraft:netherrack":32,"minecraft:spyglass":2,"minecraft:honey_block":7,"minecraft:iron_pickaxe":3,"minecraft:oak_wood":1,"minecraft:slime_block":17},"minecraft:killed_by":{"minecraft:player":10,"minecraft:zombified_piglin":1}},"DataVersion":4440}