{"stats":{"minecraft:killed":{"minecraft:warden":1},"minecraft:crafted":{"minecraft:firework_rocket":32,"minecraft:diamond_boots":1,"minecraft:golden_helmet":1,"minecraft:smithing_table":1,"minecraft:gold_ingot":17,"minecraft:stone_pickaxe":1,"minecraft:coal_block":2,"minecraft:iron_chestplate":2,"minecraft:iron_boots":1,"minecraft:netherite_ingot":3,"minecraft:netherite_block":1,"minecraft:stick":44,"minecraft:wooden_pickaxe":1,"minecraft:netherite_sword":1,"minecraft:lever":1,"minecraft:iron_helmet":2,"minecraft:diamond_pickaxe":2,"minecraft:chain":1,"minecraft:dried_kelp":13,"minecraft:golden_sword":2,"minecraft:diamond_sword":1,"minecraft:iron_nugget":9,"minecraft:air":0,"minecraft:quartz_bricks":4,"minecraft:elytra":1,"minecraft:netherite_scrap":13,"minecraft:furnace":1,"minecraft:iron_ingot":61,"minecraft:sticky_piston":1,"minecraft:diamond_helmet":1,"minecraft:quartz_block":4,"minecraft:crafting_table":3,"minecraft:diamond_leggings":1,"minecraft:enchanted_book":3,"minecraft:shield":2,"minecraft:oak_planks":64,"minecraft:iron_pickaxe":1,"minecraft:slime_ball":9,"minecraft:iron_axe":1,"minecraft:iron_leggings":1,"minecraft:piston":1},"minecraft:mined":{"minecraft:netherite_block":2,"minecraft:redstone_ore":24,"minecraft:lever":1,"minecraft:sticky_piston":1,"minecraft:rail":2,"minecraft:dirt":1,"minecraft:nether_quartz_ore":5,"minecraft:gold_ore":39,"minecraft:glass":12,"minecraft:netherrack":23,"minecraft:tripwire":3,"minecraft:coal_ore":100,"minecraft:ancient_debris":19,"minecraft:glowstone":3,"minecraft:cobblestone":1,"minecraft:diamond_ore":29,"minecraft:furnace":1,"minecraft:honey_block":1,"minecraft:crafting_table":1,"minecraft:oak_log":65,"minecraft:slime_block":1,"minecraft:obsidian":5,"minecraft:iron_ore":90,"minecraft:stone":36},"minecraft:used":{"minecraft:iron_axe":60,"minecraft:lever":1,"minecraft:netherite_block":2,"minecraft:netherite_sword":57,"minecraft:ancient_debris":9,"minecraft:redstone":2,"minecraft:turtle_scute":4,"minecraft:iron_pickaxe":225,"minecraft:wooden_pickaxe":13,"minecraft:smithing_table":1,"minecraft:firework_rocket":19,"minecraft:sticky_piston":2,"minecraft:chain":1,"minecraft:diamond_pickaxe":145,"minecraft:crafting_table":4,"minecraft:furnace":2,"minecraft:stone_pickaxe":22,"minecraft:dirt":9},"minecraft:custom":{"minecraft:talked_to_villager":22,"minecraft:time_since_rest":4144,"minecraft:leave_game":6,"minecraft:damage_taken":8066,"minecraft:mob_kills":1,"minecraft:time_since_death":4119,"minecraft:aviate_one_cm":171671,"minecraft:open_enderchest":4,"minecraft:interact_with_furnace":37,"minecraft:interact_with_smithing_table":2,"minecraft:total_world_time":194740,"minecraft:crouch_one_cm":6655,"minecraft:deaths":23,"minecraft:climb_one_cm":3506,"minecraft:player_kills":2,"minecraft:traded_with_villager":6,"minecraft:interact_with_crafting_table":36,"minecraft:walk_one_cm":435852,"minecraft:walk_under_water_one_cm":7940,"minecraft:play_time":194740,"minecraft:damage_dealt":2027,"minecraft:jump":958,"minecraft:drop":53,"minecraft:sprint_one_cm":152376,"minecraft:fall_one_cm":48854,"minecraft:fly_one_cm":39648,"minecraft:interact_with_anvil":1,"minecraft:walk_on_water_one_cm":1538,"minecraft:sneak_time":2394},"minecraft:picked_up":{"minecraft:iron_door":1,"minecraft:netherrack":54,"minecraft:netherite_block":2,"minecraft:dirt":34,"minecraft:cobblestone":28,"minecraft:rail":2,"minecraft:lever":3,"minecraft:redstone":111,"minecraft:diamond_pickaxe":4,"minecraft:slime_block":1,"minecraft:coal":104,"minecraft:oak_log":64,"minecraft:gold_ingot":4,"minecraft:furnace":1,"minecraft:diamond":28,"minecraft:sticky_piston":1,"minecraft:netherite_upgrade_smithing_template":1,"minecraft:quartz":19,"minecraft:powered_rail":1,"minecraft:oak_planks":1,"minecraft:spyglass":1,"minecraft:crafting_table":1,"minecraft:iron_ingot":8,"minecraft:kelp":64,"minecraft:raw_iron":84,"minecraft:ancient_debris":22,"minecraft:string":2,"minecraft:glowstone_dust":9,"minecraft:raw_gold":43,"minecraft:obsidian":5,"minecraft:firework_rocket":1,"minecraft:turtle_scute":44,"minecraft:netherite_ingot":24,"minecraft:netherite_sword":1},"minecraft:dropped":{"minecraft:cobblestone":10,"minecraft:oak_planks":4,"minecraft:iron_helmet":1,"minecraft:iron_chestplate":1,"minecraft:turtle_scute":20,"minecraft:kelp":96,"minecraft:firework_rocket":1,"minecraft:iron_ingot":10,"minecraft:quartz":3,"minecraft:enchanted_book":1,"minecraft:golden_sword":2,"minecraft:shield":2,"minecraft:coal":27,"minecraft:lever":1,"minecraft:redstone":52,"minecraft:netherite_sword":1,"minecraft:oak_log":14,"minecraft:diamond_pickaxe":4,"minecraft:stick":23,"minecraft:quartz_bricks":4,"minecraft:slime_ball":8,"minecraft:netherite_upgrade_smithing_template":1,"minecraft:golden_helmet":1,"minecraft:dried_kelp":1,"minecraft:coal_block":2,"minecraft:spyglass":1,"minecraft:iron_boots":1},"minecraft:killed_by":{"minecraft:warden":1}},"DataVersion":4440}