{"stats":{"minecraft:dropped":{"minecraft:oak_button":1},"minecraft:picked_up":{"minecraft:oak_button":3},"minecraft:used":{"minecraft:diamond_block":3,"minecraft:grass_block":75,"minecraft:repeater":14,"minecraft:netherrack":32,"minecraft:netherite_block":1,"minecraft:ancient_debris":9,"minecraft:redstone_ore":16,"minecraft:spruce_log":40,"minecraft:nether_quartz_ore":15,"minecraft:honey_block":3,"minecraft:slime_block":5,"minecraft:sticky_piston":12,"minecraft:anvil":2,"minecraft:command_block":39,"minecraft:lever":4,"minecraft:redstone_block":1,"minecraft:oak_button":23,"minecraft:damaged_anvil":11,"minecraft:diamond_ore":15,"minecraft:redstone":30,"minecraft:black_wool":178,"minecraft:coal_ore":15,"minecraft:white_wool":3,"minecraft:oak_log":113,"minecraft:stone":77,"minecraft:hopper":3,"minecraft:comparator":3,"minecraft:barrier":402,"minecraft:raw_iron_block":4,"minecraft:ender_chest":6,"minecraft:gold_ore":15,"minecraft:chest":4,"minecraft:end_portal_frame":15,"minecraft:spruce_sign":12,"minecraft:target":3,"minecraft:jukebox":1,"minecraft:brown_wool":1,"minecraft:iron_ore":26},"minecraft:custom":{"minecraft:talked_to_villager":14,"minecraft:time_since_rest":176529,"minecraft:walk_one_cm":37854,"minecraft:leave_game":3,"minecraft:play_time":176529,"minecraft:jump":210,"minecraft:time_since_death":176529,"minecraft:play_record":1,"minecraft:drop":1,"minecraft:sprint_one_cm":37791,"minecraft:open_chest":5,"minecraft:inspect_hopper":2,"minecraft:total_world_time":176552,"minecraft:fly_one_cm":1219981,"minecraft:interact_with_anvil":14,"minecraft:crouch_one_cm":4350,"minecraft:sneak_time":5386}},"DataVersion":4440}