{"stats":{"minecraft:killed":{"minecraft:zombie":1,"minecraft:zombie_horse":3,"minecraft:warden":2,"minecraft:villager":18,"minecraft:cat":5},"minecraft:mined":{"minecraft:redstone_ore":22,"minecraft:fire":1,"minecraft:nether_quartz_ore":11,"minecraft:gold_ore":3,"minecraft:oak_log":41,"minecraft:coal_ore":8,"minecraft:grass_block":1,"minecraft:iron_ore":13,"minecraft:stone":30},"minecraft:dropped":{"minecraft:oak_button":2,"minecraft:rotten_flesh":6,"minecraft:sugar":2,"minecraft:cobblestone":1,"minecraft:iron_helmet":10,"minecraft:powered_rail":1,"minecraft:barrier":1,"minecraft:detector_rail":1,"minecraft:turtle_scute":414,"minecraft:diamond_axe":3,"minecraft:dirt":2,"minecraft:stone":1,"minecraft:iron_ingot":1,"minecraft:chest":1,"minecraft:mangrove_log":4,"minecraft:iron_nugget":575,"minecraft:chain":1,"minecraft:enchanted_book":6,"minecraft:sculk_catalyst":1,"minecraft:golden_sword":3,"minecraft:rail":1,"minecraft:crossbow":1,"minecraft:lever":1,"minecraft:mace":1,"minecraft:apple":2,"minecraft:redstone":9,"minecraft:stone_button":4,"minecraft:oak_log":36,"minecraft:grass_block":3,"minecraft:smooth_quartz_stairs":1,"minecraft:string":6,"minecraft:iron_sword":7,"minecraft:stick":3,"minecraft:eye_armor_trim_smithing_template":2,"minecraft:crafting_table":2,"minecraft:dried_kelp":4,"minecraft:command_block":2,"minecraft:bread":3,"minecraft:cat_spawn_egg":1,"minecraft:gold_ingot":1,"minecraft:iron_boots":1,"minecraft:golden_apple":1},"minecraft:broken":{"minecraft:iron_helmet":3,"minecraft:iron_sword":1},"minecraft:crafted":{"minecraft:stick":8,"minecraft:furnace":1,"minecraft:wooden_pickaxe":1,"minecraft:iron_ingot":5,"minecraft:oak_planks":20,"minecraft:turtle_scute":70,"minecraft:stone_pickaxe":1,"minecraft:iron_pickaxe":1,"minecraft:air":0,"minecraft:crafting_table":1,"minecraft:turtle_helmet":1},"minecraft:used":{"minecraft:crying_obsidian":6,"minecraft:grass_block":82,"minecraft:string":20,"minecraft:repeater":9,"minecraft:blue_banner":13,"minecraft:iron_pickaxe":37,"minecraft:spruce_stairs":17,"minecraft:iron_sword":101,"minecraft:milk_bucket":5,"minecraft:ladder":30,"minecraft:cat_spawn_egg":5,"minecraft:command_block":44,"minecraft:light_gray_wool":9,"minecraft:lava_bucket":13,"minecraft:red_bed":12,"minecraft:mangrove_log":4,"minecraft:redstone":22,"minecraft:wooden_pickaxe":18,"minecraft:mace":13,"minecraft:stone":118,"minecraft:spruce_slab":3,"minecraft:barrier":7,"minecraft:chain":1,"minecraft:crafting_table":4,"minecraft:spruce_sign":2,"minecraft:spruce_trapdoor":62,"minecraft:stone_pickaxe":32,"minecraft:gold_block":5,"minecraft:bow":1,"minecraft:blue_terracotta":72,"minecraft:glow_item_frame":14,"minecraft:netherrack":116,"minecraft:red_banner":14,"minecraft:fire_charge":19,"minecraft:spruce_log":27,"minecraft:water_bucket":29,"minecraft:repeating_command_block":12,"minecraft:writable_book":1,"minecraft:calibrated_sculk_sensor":1,"minecraft:item_frame":120,"minecraft:green_terracotta":69,"minecraft:glowstone":14,"minecraft:furnace":2,"minecraft:bread":3,"minecraft:blue_bed":6,"minecraft:dirt":36,"minecraft:obsidian":33,"minecraft:sugar":9,"minecraft:oak_button":27,"minecraft:dried_kelp":4,"minecraft:stone_button":17,"minecraft:turtle_scute":134,"minecraft:dead_horn_coral_block":15,"minecraft:green_bed":6,"minecraft:green_banner":15,"minecraft:red_terracotta":319,"minecraft:dead_horn_coral":3,"minecraft:comparator":1,"minecraft:lectern":1,"minecraft:smooth_quartz_stairs":1,"minecraft:redstone_torch":4,"minecraft:ender_chest":5,"minecraft:flint_and_steel":18,"minecraft:bucket":12,"minecraft:chest":14,"minecraft:dead_horn_coral_fan":2,"minecraft:iron_helmet":7,"minecraft:turtle_helmet":1,"minecraft:iron_nugget":886,"minecraft:bedrock":129},"minecraft:custom":{"minecraft:time_since_rest":68863,"minecraft:talked_to_villager":133,"minecraft:leave_game":9,"minecraft:damage_taken":27424,"minecraft:mob_kills":30,"minecraft:time_since_death":68834,"minecraft:open_enderchest":14,"minecraft:interact_with_furnace":4,"minecraft:swim_one_cm":2511,"minecraft:total_world_time":775218,"minecraft:crouch_one_cm":18884,"minecraft:deaths":52,"minecraft:climb_one_cm":13857,"minecraft:traded_with_villager":70,"minecraft:interact_with_crafting_table":8,"minecraft:walk_one_cm":1776193,"minecraft:walk_under_water_one_cm":1281,"minecraft:damage_dealt":14580,"minecraft:interact_with_lectern":1,"minecraft:play_time":775218,"minecraft:jump":4050,"minecraft:play_record":1,"minecraft:drop":589,"minecraft:sprint_one_cm":1142702,"minecraft:open_chest":70,"minecraft:fall_one_cm":286169,"minecraft:fly_one_cm":2972687,"minecraft:walk_on_water_one_cm":5319,"minecraft:sneak_time":11299},"minecraft:picked_up":{"minecraft:diamond_axe":6,"minecraft:enchanted_book":10,"minecraft:red_banner":1,"minecraft:dirt":1,"minecraft:iron_block":5,"minecraft:stone_button":3,"minecraft:cobblestone":30,"minecraft:bucket":2,"minecraft:bone":21,"minecraft:redstone":101,"minecraft:bread":8,"minecraft:coal":18,"minecraft:oak_log":41,"minecraft:sculk_catalyst":2,"minecraft:gold_ingot":1,"minecraft:iron_sword":2,"minecraft:iron_horse_armor":2,"minecraft:iron_pickaxe":3,"minecraft:diamond_block":2,"minecraft:sugar":1,"minecraft:golden_apple":2,"minecraft:music_disc_13":1,"minecraft:golden_horse_armor":1,"minecraft:quartz":11,"minecraft:iron_leggings":1,"minecraft:eye_armor_trim_smithing_template":1,"minecraft:iron_ingot":15,"minecraft:kelp":60,"minecraft:dried_kelp":4,"minecraft:oak_button":1,"minecraft:rotten_flesh":20,"minecraft:raw_iron":18,"minecraft:diamond_chestplate":4,"minecraft:crossbow":4,"minecraft:apple":3,"minecraft:string":17,"minecraft:music_disc_cat":1,"minecraft:raw_gold":3,"minecraft:music_disc_lava_chicken":1,"minecraft:emerald_block":8,"minecraft:turtle_scute":213,"minecraft:iron_nugget":1,"minecraft:gunpowder":7,"minecraft:iron_helmet":1}},"DataVersion":4440}