{"stats":{"minecraft:killed":{"minecraft:zombified_piglin":2,"minecraft:hoglin":2,"minecraft:piglin":4},"minecraft:crafted":{"minecraft:furnace":2,"minecraft:firework_rocket":304,"minecraft:diamond_boots":1,"minecraft:iron_ingot":2,"minecraft:diamond_helmet":1,"minecraft:gold_ingot":25,"minecraft:stone_pickaxe":2,"minecraft:netherite_ingot":4,"minecraft:crafting_table":8,"minecraft:diamond_leggings":1,"minecraft:stick":24,"minecraft:enchanted_book":8,"minecraft:wooden_pickaxe":2,"minecraft:oak_door":3,"minecraft:oak_planks":72,"minecraft:gold_nugget":9,"minecraft:turtle_scute":4,"minecraft:diamond_pickaxe":1,"minecraft:diamond_chestplate":1,"minecraft:oak_wood":9,"minecraft:diamond_sword":2,"minecraft:elytra":2,"minecraft:netherite_scrap":15},"minecraft:mined":{"minecraft:comparator":1,"minecraft:redstone_ore":28,"minecraft:nether_quartz_ore":9,"minecraft:glass":18,"minecraft:oak_sign":1,"minecraft:netherrack":16,"minecraft:coal_ore":7,"minecraft:ancient_debris":23,"minecraft:oak_planks":1,"minecraft:cobblestone":10,"minecraft:gravel":5,"minecraft:weeping_vines_plant":1,"minecraft:weeping_vines":2,"minecraft:furnace":3,"minecraft:honey_block":38,"minecraft:wither_skeleton_skull":3,"minecraft:crafting_table":8,"minecraft:spruce_stairs":1,"minecraft:soul_sand":4,"minecraft:powered_rail":1,"minecraft:slime_block":29,"minecraft:crimson_roots":2,"minecraft:soul_soil":2,"minecraft:crying_obsidian":2,"minecraft:anvil":2,"minecraft:sticky_piston":4,"minecraft:dirt":10,"minecraft:gold_ore":84,"minecraft:iron_door":1,"minecraft:tripwire":28,"minecraft:grass_block":53,"minecraft:glowstone":35,"minecraft:heavy_weighted_pressure_plate":1,"minecraft:diamond_ore":40,"minecraft:spruce_slab":1,"minecraft:fire":3,"minecraft:oak_wood":1,"minecraft:ender_chest":2,"minecraft:oak_log":72,"minecraft:redstone_wire":11,"minecraft:iron_ore":27,"minecraft:stone":109},"minecraft:used":{"minecraft:string":2,"minecraft:diamond_helmet":1,"minecraft:ancient_debris":1,"minecraft:iron_pickaxe":89,"minecraft:diamond_sword":183,"minecraft:firework_rocket":303,"minecraft:honey_block":21,"minecraft:slime_block":21,"minecraft:soul_sand":4,"minecraft:elytra":3,"minecraft:wooden_axe":2,"minecraft:diamond_pickaxe":317,"minecraft:glass":144,"minecraft:wither_skeleton_skull":3,"minecraft:furnace":3,"minecraft:torch":1,"minecraft:dirt":22,"minecraft:obsidian":1,"minecraft:oak_wood":3,"minecraft:redstone":3,"minecraft:turtle_scute":5,"minecraft:wooden_pickaxe":29,"minecraft:diamond_leggings":1,"minecraft:mace":22,"minecraft:oak_log":264,"minecraft:cobblestone":13,"minecraft:diamond_chestplate":1,"minecraft:redstone_torch":1,"minecraft:crafting_table":13,"minecraft:oak_planks":4,"minecraft:stone_pickaxe":83,"minecraft:heavy_weighted_pressure_plate":1,"minecraft:diamond_boots":1},"minecraft:custom":{"minecraft:time_since_rest":1111,"minecraft:talked_to_villager":32,"minecraft:leave_game":2,"minecraft:damage_taken":24917,"minecraft:mob_kills":8,"minecraft:boat_one_cm":9342,"minecraft:time_since_death":1086,"minecraft:aviate_one_cm":613522,"minecraft:open_enderchest":7,"minecraft:interact_with_furnace":25,"minecraft:total_world_time":346903,"minecraft:crouch_one_cm":46,"minecraft:deaths":83,"minecraft:climb_one_cm":13350,"minecraft:player_kills":9,"minecraft:minecart_one_cm":9982,"minecraft:traded_with_villager":33,"minecraft:interact_with_crafting_table":42,"minecraft:walk_one_cm":1393850,"minecraft:walk_under_water_one_cm":2338,"minecraft:damage_dealt":6338,"minecraft:play_time":346903,"minecraft:jump":3400,"minecraft:drop":209,"minecraft:sprint_one_cm":37170,"minecraft:open_chest":4,"minecraft:fall_one_cm":133202,"minecraft:fly_one_cm":36208,"minecraft:interact_with_anvil":3,"minecraft:walk_on_water_one_cm":4243,"minecraft:sneak_time":16},"minecraft:picked_up":{"minecraft:soul_sand":4,"minecraft:enchanted_book":2,"minecraft:cobblestone":143,"minecraft:minecart":1,"minecraft:soul_soil":2,"minecraft:glass":67,"minecraft:leather":1,"minecraft:redstone":292,"minecraft:slime_block":34,"minecraft:gold_nugget":19,"minecraft:lead":3,"minecraft:stone_pickaxe":2,"minecraft:wooden_axe":1,"minecraft:gold_ingot":6,"minecraft:diamond":40,"minecraft:crimson_roots":3,"minecraft:porkchop":7,"minecraft:stick":1,"minecraft:redstone_torch":1,"minecraft:powered_rail":2,"minecraft:spyglass":1,"minecraft:honey_block":35,"minecraft:bow":1,"minecraft:raw_iron":78,"minecraft:glowstone_dust":158,"minecraft:raw_gold":82,"minecraft:mace":1,"minecraft:firework_rocket":64,"minecraft:turtle_scute":104,"minecraft:iron_chestplate":1,"minecraft:crying_obsidian":4,"minecraft:netherrack":11,"minecraft:oak_wood":13,"minecraft:dirt":64,"minecraft:crimson_stem":1,"minecraft:torch":1,"minecraft:diamond_pickaxe":3,"minecraft:heavy_weighted_pressure_plate":2,"minecraft:coal":14,"minecraft:oak_log":458,"minecraft:furnace":1,"minecraft:iron_pickaxe":2,"minecraft:spruce_stairs":1,"minecraft:quartz":20,"minecraft:anvil":1,"minecraft:diamond_sword":1,"minecraft:wooden_pickaxe":2,"minecraft:oak_planks":6,"minecraft:golden_helmet":1,"minecraft:netherite_scrap":1,"minecraft:crafting_table":6,"minecraft:rotten_flesh":1,"minecraft:wither_skeleton_skull":3,"minecraft:oak_sign":1,"minecraft:ancient_debris":22,"minecraft:string":46,"minecraft:golden_sword":1,"minecraft:obsidian":17,"minecraft:netherite_ingot":48,"minecraft:paper":1},"minecraft:dropped":{"minecraft:cobblestone":56,"minecraft:oak_planks":11,"minecraft:heavy_weighted_pressure_plate":1,"minecraft:iron_chestplate":1,"minecraft:turtle_scute":93,"minecraft:lead":3,"minecraft:glass":237,"minecraft:dirt":3,"minecraft:firework_rocket":1,"minecraft:iron_ingot":2,"minecraft:paper":1,"minecraft:raw_gold":1,"minecraft:diamond":64,"minecraft:stone_pickaxe":2,"minecraft:netherite_ingot":1,"minecraft:glowstone_dust":78,"minecraft:mace":2,"minecraft:redstone":73,"minecraft:oak_log":755,"minecraft:diamond_pickaxe":2,"minecraft:string":12,"minecraft:wooden_pickaxe":2,"minecraft:gold_nugget":27,"minecraft:gold_ingot":13,"minecraft:elytra":1,"minecraft:honey_block":12,"minecraft:oak_wood":6,"minecraft:slime_block":7},"minecraft:killed_by":{"minecraft:wither":8,"minecraft:player":6,"minecraft:endermite":1,"minecraft:piglin":1,"minecraft:warden":2}},"DataVersion":4440}