{"stats":{"minecraft:killed":{"minecraft:zombified_piglin":2,"minecraft:skeleton":2,"minecraft:hoglin":2,"minecraft:piglin":1},"minecraft:crafted":{"minecraft:stone_sword":1,"minecraft:diamond_boots":2,"minecraft:wooden_sword":1,"minecraft:gold_ingot":5,"minecraft:stone_pickaxe":1,"minecraft:iron_chestplate":1,"minecraft:netherite_ingot":1,"minecraft:stick":34,"minecraft:wooden_pickaxe":1,"minecraft:oak_slab":6,"minecraft:lever":3,"minecraft:turtle_scute":1,"minecraft:diamond_axe":2,"minecraft:diamond_pickaxe":4,"minecraft:chain":1,"minecraft:diamond_chestplate":2,"minecraft:diamond_sword":1,"minecraft:iron_nugget":9,"minecraft:bow":2,"minecraft:paper":1,"minecraft:netherite_scrap":4,"minecraft:furnace":2,"minecraft:iron_ingot":66,"minecraft:oak_pressure_plate":1,"minecraft:dispenser":1,"minecraft:sticky_piston":7,"minecraft:diamond_helmet":2,"minecraft:tripwire_hook":2,"minecraft:crafting_table":1,"minecraft:redstone_torch":1,"minecraft:diamond_leggings":2,"minecraft:enchanted_book":12,"minecraft:oak_planks":52,"minecraft:iron_pickaxe":1,"minecraft:iron_sword":1,"minecraft:slime_ball":14,"minecraft:iron_leggings":1,"minecraft:piston":7},"minecraft:mined":{"minecraft:redstone_ore":24,"minecraft:lever":2,"minecraft:chain":2,"minecraft:nether_quartz_ore":5,"minecraft:glass":8,"minecraft:coal_ore":13,"minecraft:ancient_debris":6,"minecraft:oak_planks":1,"minecraft:cobblestone":6,"minecraft:amethyst_block":9,"minecraft:honey_block":2,"minecraft:crimson_roots":1,"minecraft:redstone_torch":1,"minecraft:piston":1,"minecraft:sticky_piston":7,"minecraft:rail":1,"minecraft:dirt":3,"minecraft:gold_ore":3,"minecraft:tripwire":7,"minecraft:grass_block":36,"minecraft:diamond_ore":167,"minecraft:oak_pressure_plate":5,"minecraft:oak_log":16,"minecraft:iron_ore":40,"minecraft:stone":82},"minecraft:used":{"minecraft:piston":2,"minecraft:lever":14,"minecraft:dried_kelp":4,"minecraft:redstone":4,"minecraft:iron_pickaxe":48,"minecraft:wooden_pickaxe":24,"minecraft:dispenser":1,"minecraft:diamond_sword":67,"minecraft:iron_sword":15,"minecraft:cobblestone":18,"minecraft:sticky_piston":15,"minecraft:chain":2,"minecraft:diamond_pickaxe":305,"minecraft:redstone_torch":1,"minecraft:diamond_axe":10,"minecraft:crafting_table":1,"minecraft:amethyst_block":1,"minecraft:spyglass":5,"minecraft:oak_pressure_plate":5,"minecraft:oak_planks":1,"minecraft:furnace":3,"minecraft:stone_pickaxe":24,"minecraft:dirt":46},"minecraft:custom":{"minecraft:time_since_rest":3056,"minecraft:talked_to_villager":30,"minecraft:leave_game":3,"minecraft:damage_taken":7243,"minecraft:mob_kills":7,"minecraft:time_since_death":2967,"minecraft:open_enderchest":16,"minecraft:interact_with_furnace":14,"minecraft:inspect_dispenser":2,"minecraft:total_world_time":314491,"minecraft:crouch_one_cm":12080,"minecraft:deaths":21,"minecraft:climb_one_cm":7843,"minecraft:player_kills":1,"minecraft:minecart_one_cm":16590,"minecraft:traded_with_villager":14,"minecraft:interact_with_crafting_table":34,"minecraft:walk_one_cm":885307,"minecraft:walk_under_water_one_cm":28111,"minecraft:damage_dealt":2045,"minecraft:play_time":314491,"minecraft:jump":1009,"minecraft:drop":146,"minecraft:sprint_one_cm":1922,"minecraft:fall_one_cm":37049,"minecraft:fly_one_cm":4184,"minecraft:interact_with_anvil":10,"minecraft:walk_on_water_one_cm":3479,"minecraft:sneak_time":4838},"minecraft:picked_up":{"minecraft:diamond_axe":1,"minecraft:enchanted_book":1,"minecraft:cobblestone":131,"minecraft:glass":4,"minecraft:leather":2,"minecraft:redstone":197,"minecraft:slime_block":6,"minecraft:gold_nugget":1,"minecraft:diamond":279,"minecraft:iron_sword":1,"minecraft:crimson_roots":1,"minecraft:porkchop":5,"minecraft:oak_pressure_plate":5,"minecraft:stick":24,"minecraft:redstone_torch":3,"minecraft:diamond_boots":1,"minecraft:honey_block":6,"minecraft:arrow":1,"minecraft:iron_ingot":3,"minecraft:raw_iron":65,"minecraft:diamond_chestplate":1,"minecraft:glowstone_dust":132,"minecraft:raw_gold":10,"minecraft:stone_axe":1,"minecraft:turtle_scute":40,"minecraft:amethyst_block":8,"minecraft:diamond_leggings":1,"minecraft:iron_chestplate":1,"minecraft:netherrack":3,"minecraft:oak_wood":3,"minecraft:dirt":50,"minecraft:rail":3,"minecraft:lever":13,"minecraft:diamond_helmet":1,"minecraft:torch":1,"minecraft:diamond_pickaxe":8,"minecraft:iron_boots":2,"minecraft:coal":37,"minecraft:oak_log":39,"minecraft:furnace":1,"minecraft:shield":3,"minecraft:sticky_piston":10,"minecraft:piston":2,"minecraft:coal_block":2,"minecraft:quartz":8,"minecraft:diamond_sword":1,"minecraft:wooden_pickaxe":1,"minecraft:oak_planks":4,"minecraft:dried_kelp":4,"minecraft:oak_button":1,"minecraft:rotten_flesh":1,"minecraft:ancient_debris":6,"minecraft:string":20,"minecraft:golden_sword":2,"minecraft:stone_bricks":1,"minecraft:oak_slab":12,"minecraft:chain":2,"minecraft:iron_helmet":2,"minecraft:quartz_bricks":4},"minecraft:dropped":{"minecraft:oak_button":1,"minecraft:cobblestone":1,"minecraft:iron_helmet":1,"minecraft:iron_chestplate":2,"minecraft:stone_sword":1,"minecraft:wooden_sword":1,"minecraft:turtle_scute":9,"minecraft:crimson_roots":1,"minecraft:diamond_axe":1,"minecraft:diamond_helmet":1,"minecraft:dirt":1,"minecraft:diamond_boots":1,"minecraft:iron_ingot":9,"minecraft:diamond_chestplate":1,"minecraft:diamond_leggings":1,"minecraft:paper":1,"minecraft:raw_gold":1,"minecraft:diamond":97,"minecraft:stone_pickaxe":1,"minecraft:golden_sword":1,"minecraft:shield":1,"minecraft:lever":2,"minecraft:diamond_pickaxe":10,"minecraft:wooden_pickaxe":1,"minecraft:iron_leggings":1,"minecraft:iron_sword":2,"minecraft:oak_slab":12,"minecraft:iron_boots":1,"minecraft:iron_pickaxe":1,"minecraft:oak_wood":3}},"DataVersion":4440}