{"stats":{"minecraft:crafted":{"minecraft:oak_planks":68,"minecraft:crafting_table":1},"minecraft:mined":{"minecraft:dirt":1,"minecraft:oak_log":16,"minecraft:grass_block":1},"minecraft:used":{"minecraft:crafting_table":1},"minecraft:custom":{"minecraft:interact_with_crafting_table":1,"minecraft:time_since_rest":10054,"minecraft:walk_one_cm":46418,"minecraft:leave_game":1,"minecraft:damage_taken":1050,"minecraft:damage_dealt":20,"minecraft:play_time":17990,"minecraft:jump":78,"minecraft:time_since_death":9998,"minecraft:drop":1,"minecraft:sprint_one_cm":2626,"minecraft:fall_one_cm":1339,"minecraft:total_world_time":17990,"minecraft:fly_one_cm":5846,"minecraft:deaths":3},"minecraft:picked_up":{"minecraft:dirt":1,"minecraft:oak_log":17,"minecraft:crafting_table":1},"minecraft:dropped":{"minecraft:crafting_table":1},"minecraft:killed_by":{"minecraft:warden":2}},"DataVersion":4440}