{"stats":{"minecraft:killed":{"minecraft:endermite":1},"minecraft:crafted":{"minecraft:wooden_axe":1,"minecraft:firework_rocket":48,"minecraft:powered_rail":18,"minecraft:hopper":1,"minecraft:gold_ingot":44,"minecraft:stone_pickaxe":1,"minecraft:netherite_ingot":2,"minecraft:stick":44,"minecraft:wooden_pickaxe":1,"minecraft:minecart":1,"minecraft:detector_rail":6,"minecraft:turtle_scute":34,"minecraft:diamond_pickaxe":1,"minecraft:chest":5,"minecraft:dried_kelp":15,"minecraft:bow":1,"minecraft:netherite_scrap":11,"minecraft:iron_ingot":24,"minecraft:oak_pressure_plate":2,"minecraft:stone_pressure_plate":1,"minecraft:stone":2,"minecraft:cobblestone_slab":6,"minecraft:crafting_table":1,"minecraft:redstone_torch":2,"minecraft:enchanted_book":1,"minecraft:oak_planks":156,"minecraft:iron_pickaxe":1,"minecraft:piston":2},"minecraft:mined":{"minecraft:redstone_ore":26,"minecraft:lever":2,"minecraft:nether_quartz_ore":6,"minecraft:chest":1,"minecraft:netherrack":8,"minecraft:coal_ore":7,"minecraft:ancient_debris":28,"minecraft:oak_planks":38,"minecraft:cobblestone":7,"minecraft:furnace":3,"minecraft:honey_block":23,"minecraft:powered_rail":13,"minecraft:slime_block":26,"minecraft:obsidian":1,"minecraft:redstone_torch":26,"minecraft:piston":1,"minecraft:sticky_piston":7,"minecraft:rail":20,"minecraft:dirt":11,"minecraft:gold_ore":74,"minecraft:repeater":1,"minecraft:tripwire":33,"minecraft:hopper":2,"minecraft:grass_block":31,"minecraft:glowstone":15,"minecraft:redstone_block":1,"minecraft:green_terracotta":2,"minecraft:diamond_ore":23,"minecraft:ender_chest":1,"minecraft:oak_pressure_plate":5,"minecraft:oak_log":24,"minecraft:redstone_wire":24,"minecraft:iron_ore":16,"minecraft:stone":32},"minecraft:used":{"minecraft:iron_pickaxe":156,"minecraft:firework_rocket":242,"minecraft:honey_block":8,"minecraft:sticky_piston":7,"minecraft:water_bucket":5,"minecraft:slime_block":6,"minecraft:elytra":1,"minecraft:wooden_axe":15,"minecraft:diamond_pickaxe":215,"minecraft:furnace":2,"minecraft:dirt":30,"minecraft:obsidian":3,"minecraft:minecart":3,"minecraft:piston":3,"minecraft:lever":3,"minecraft:detector_rail":1,"minecraft:cobblestone_slab":6,"minecraft:redstone":28,"minecraft:turtle_scute":2,"minecraft:wooden_pickaxe":18,"minecraft:glow_ink_sac":1,"minecraft:oak_log":8,"minecraft:cobblestone":20,"minecraft:rail":6,"minecraft:hopper":1,"minecraft:barrier":2,"minecraft:redstone_torch":25,"minecraft:bucket":5,"minecraft:crafting_table":2,"minecraft:powered_rail":25,"minecraft:chest":4,"minecraft:spruce_sign":1,"minecraft:oak_pressure_plate":6,"minecraft:oak_planks":97,"minecraft:enchanted_golden_apple":33,"minecraft:jukebox":1,"minecraft:stone_pickaxe":3,"minecraft:ender_pearl":58},"minecraft:custom":{"minecraft:time_since_rest":69,"minecraft:talked_to_villager":34,"minecraft:leave_game":4,"minecraft:damage_taken":8334,"minecraft:mob_kills":1,"minecraft:damage_absorbed":4280,"minecraft:time_since_death":36,"minecraft:aviate_one_cm":1806191,"minecraft:open_enderchest":3,"minecraft:interact_with_furnace":22,"minecraft:interact_with_smithing_table":1,"minecraft:swim_one_cm":287,"minecraft:total_world_time":256087,"minecraft:crouch_one_cm":9133,"minecraft:deaths":31,"minecraft:climb_one_cm":3456,"minecraft:minecart_one_cm":16911,"minecraft:traded_with_villager":38,"minecraft:interact_with_crafting_table":35,"minecraft:walk_one_cm":427854,"minecraft:walk_under_water_one_cm":61781,"minecraft:damage_dealt":80,"minecraft:play_time":256087,"minecraft:jump":2433,"minecraft:play_record":1,"minecraft:drop":84,"minecraft:sprint_one_cm":261144,"minecraft:open_chest":31,"minecraft:fall_one_cm":70850,"minecraft:fly_one_cm":492964,"minecraft:walk_on_water_one_cm":9443,"minecraft:sneak_time":11996},"minecraft:picked_up":{"minecraft:netherrack":6,"minecraft:oak_wood":1,"minecraft:dirt":43,"minecraft:cobblestone":77,"minecraft:rail":16,"minecraft:minecart":2,"minecraft:lever":5,"minecraft:redstone":658,"minecraft:diamond_pickaxe":3,"minecraft:slime_block":28,"minecraft:green_terracotta":1,"minecraft:water_bucket":1,"minecraft:coal":7,"minecraft:oak_log":27,"minecraft:redstone_block":2,"minecraft:gold_ingot":5,"minecraft:furnace":4,"minecraft:diamond":24,"minecraft:sticky_piston":8,"minecraft:iron_pickaxe":1,"minecraft:piston":1,"minecraft:quartz":6,"minecraft:hopper":2,"minecraft:oak_pressure_plate":6,"minecraft:stick":6,"minecraft:redstone_torch":25,"minecraft:powered_rail":11,"minecraft:oak_planks":41,"minecraft:honey_block":25,"minecraft:crafting_table":1,"minecraft:repeater":1,"minecraft:raw_iron":16,"minecraft:ancient_debris":28,"minecraft:string":59,"minecraft:glowstone_dust":99,"minecraft:raw_gold":79,"minecraft:music_disc_lava_chicken":1,"minecraft:obsidian":9,"minecraft:turtle_scute":24,"minecraft:netherite_ingot":7,"minecraft:elytra":1,"minecraft:iron_chestplate":1},"minecraft:dropped":{"minecraft:ancient_debris":8,"minecraft:cobblestone":7,"minecraft:oak_planks":3,"minecraft:torch":1,"minecraft:turtle_scute":31,"minecraft:bow":1,"minecraft:iron_door":1,"minecraft:lead":1,"minecraft:diamond_axe":1,"minecraft:diamond_helmet":1,"minecraft:dirt":11,"minecraft:diamond_boots":1,"minecraft:diamond_chestplate":1,"minecraft:quartz":3,"minecraft:diamond_leggings":1,"minecraft:enchanted_book":1,"minecraft:oak_pressure_plate":2,"minecraft:shield":1,"minecraft:netherite_ingot":6,"minecraft:lever":1,"minecraft:redstone_block":1,"minecraft:glowstone_dust":52,"minecraft:redstone":192,"minecraft:oak_log":1,"minecraft:diamond_pickaxe":4,"minecraft:string":26,"minecraft:diamond_sword":1,"minecraft:raw_iron":1,"minecraft:sticky_piston":1,"minecraft:redstone_torch":1,"minecraft:netherrack":4,"minecraft:iron_pickaxe":1}},"DataVersion":4440}