{"stats":{"minecraft:killed_by":{"minecraft:player":5,"minecraft:warden":1},"minecraft:custom":{"minecraft:talked_to_villager":8,"minecraft:time_since_rest":14184,"minecraft:leave_game":4,"minecraft:damage_taken":9689,"minecraft:time_since_death":13889,"minecraft:open_enderchest":2,"minecraft:interact_with_furnace":6,"minecraft:total_world_time":293387,"minecraft:crouch_one_cm":147,"minecraft:deaths":38,"minecraft:climb_one_cm":3230,"minecraft:minecart_one_cm":10442,"minecraft:traded_with_villager":1,"minecraft:interact_with_crafting_table":14,"minecraft:walk_one_cm":609881,"minecraft:walk_under_water_one_cm":7885,"minecraft:play_time":293387,"minecraft:damage_dealt":346,"minecraft:jump":1315,"minecraft:drop":17,"minecraft:sprint_one_cm":5751,"minecraft:fall_one_cm":23860,"minecraft:fly_one_cm":4954,"minecraft:interact_with_anvil":1,"minecraft:walk_on_water_one_cm":4908,"minecraft:sneak_time":2919},"minecraft:broken":{"minecraft:stone_pickaxe":2,"minecraft:wooden_pickaxe":1},"minecraft:picked_up":{"minecraft:iron_door":1,"minecraft:netherrack":322,"minecraft:dirt":31,"minecraft:cobblestone":235,"minecraft:rail":24,"minecraft:minecart":1,"minecraft:gravel":10,"minecraft:redstone":1,"minecraft:diamond_pickaxe":1,"minecraft:slime_block":2,"minecraft:heavy_weighted_pressure_plate":1,"minecraft:coal":58,"minecraft:stone_pickaxe":2,"minecraft:oak_log":6,"minecraft:diamond":25,"minecraft:sticky_piston":1,"minecraft:porkchop":2,"minecraft:wooden_pickaxe":2,"minecraft:redstone_torch":2,"minecraft:oak_planks":3,"minecraft:bow":1,"minecraft:crafting_table":1,"minecraft:oak_button":1,"minecraft:raw_iron":10,"minecraft:ancient_debris":7,"minecraft:string":5,"minecraft:glowstone_dust":30,"minecraft:raw_gold":4,"minecraft:obsidian":2,"minecraft:firework_rocket":1,"minecraft:turtle_scute":1},"minecraft:dropped":{"minecraft:cobblestone":3,"minecraft:redstone_torch":1,"minecraft:heavy_weighted_pressure_plate":1,"minecraft:bow":1,"minecraft:netherrack":3,"minecraft:stone_pickaxe":2,"minecraft:wooden_pickaxe":2,"minecraft:rail":4},"minecraft:used":{"minecraft:minecart":1,"minecraft:string":2,"minecraft:lever":1,"minecraft:netherrack":304,"minecraft:iron_pickaxe":208,"minecraft:wooden_pickaxe":50,"minecraft:firework_rocket":1,"minecraft:oak_log":3,"minecraft:cobblestone":161,"minecraft:rail":17,"minecraft:diamond_pickaxe":59,"minecraft:redstone_torch":1,"minecraft:crafting_table":2,"minecraft:spyglass":12,"minecraft:oak_planks":2,"minecraft:furnace":3,"minecraft:stone_pickaxe":255,"minecraft:dirt":15,"minecraft:iron_door":1},"minecraft:mined":{"minecraft:rail":6,"minecraft:dirt":8,"minecraft:iron_door":2,"minecraft:netherrack":242,"minecraft:tripwire":3,"minecraft:coal_ore":7,"minecraft:grass_block":23,"minecraft:ancient_debris":6,"minecraft:oak_planks":3,"minecraft:glowstone":9,"minecraft:cobblestone":3,"minecraft:gravel":1,"minecraft:heavy_weighted_pressure_plate":1,"minecraft:diamond_ore":24,"minecraft:oak_log":3,"minecraft:redstone_wire":1,"minecraft:redstone_wall_torch":1,"minecraft:slime_block":3,"minecraft:obsidian":1,"minecraft:iron_ore":12,"minecraft:stone":227},"minecraft:crafted":{"minecraft:furnace":3,"minecraft:firework_rocket":8,"minecraft:diamond_boots":1,"minecraft:iron_ingot":5,"minecraft:diamond_helmet":1,"minecraft:gold_ingot":4,"minecraft:stone_pickaxe":2,"minecraft:netherite_ingot":1,"minecraft:crafting_table":1,"minecraft:diamond_leggings":1,"minecraft:stick":10,"minecraft:wooden_pickaxe":1,"minecraft:lever":1,"minecraft:oak_planks":12,"minecraft:diamond_chestplate":1,"minecraft:iron_pickaxe":1,"minecraft:bow":1,"minecraft:netherite_scrap":7}},"DataVersion":4440}